,survived,pclass,age,sibsp,parch,fare,adult_male,alone,female,male,C,Q,S,Cherbourg,Queenstown,Southampton,no,yes,child,man,woman,First,Second,Third
0,False,3,22.0,1,0,7.25,True,False,0,1,0,0,1,0,0,1,1,0,0,1,0,0,0,1
1,True,1,38.0,1,0,71.2833,False,False,1,0,1,0,0,1,0,0,0,1,0,0,1,1,0,0
2,True,3,26.0,0,0,7.925,False,True,1,0,0,0,1,0,0,1,0,1,0,0,1,0,0,1
3,True,1,35.0,1,0,53.1,False,False,1,0,0,0,1,0,0,1,0,1,0,0,1,1,0,0
4,False,3,35.0,0,0,8.05,True,True,0,1,0,0,1,0,0,1,1,0,0,1,0,0,0,1
5,False,3,33.0,0,0,8.4583,True,True,0,1,0,1,0,0,1,0,1,0,0,1,0,0,0,1
6,False,1,54.0,0,0,51.8625,True,True,0,1,0,0,1,0,0,1,1,0,0,1,0,1,0,0
7,False,3,2.0,3,1,21.075,False,False,0,1,0,0,1,0,0,1,1,0,1,0,0,0,0,1
8,True,3,27.0,0,2,11.1333,False,False,1,0,0,0,1,0,0,1,0,1,0,0,1,0,0,1
9,True,2,14.0,1,0,30.0708,False,False,1,0,1,0,0,1,0,0,0,1,1,0,0,0,1,0
10,True,3,4.0,1,1,16.7,False,False,1,0,0,0,1,0,0,1,0,1,1,0,0,0,0,1
11,True,1,58.0,0,0,26.55,False,True,1,0,0,0,1,0,0,1,0,1,0,0,1,1,0,0
12,False,3,20.0,0,0,8.05,True,True,0,1,0,0,1,0,0,1,1,0,0,1,0,0,0,1
13,False,3,39.0,1,5,31.275,True,False,0,1,0,0,1,0,0,1,1,0,0,1,0,0,0,1
14,False,3,14.0,0,0,7.8542,False,True,1,0,0,0,1,0,0,1,1,0,1,0,0,0,0,1
15,True,2,55.0,0,0,16.0,False,True,1,0,0,0,1,0,0,1,0,1,0,0,1,0,1,0
16,False,3,2.0,4,1,29.125,False,False,0,1,0,1,0,0,1,0,1,0,1,0,0,0,0,1
17,True,2,33.0,0,0,13.0,True,True,0,1,0,0,1,0,0,1,0,1,0,1,0,0,1,0
18,False,3,31.0,1,0,18.0,False,False,1,0,0,0,1,0,0,1,1,0,0,0,1,0,0,1
19,True,3,32.0,0,0,7.225,False,True,1,0,1,0,0,1,0,0,0,1,0,0,1,0,0,1
20,False,2,35.0,0,0,26.0,True,True,0,1,0,0,1,0,0,1,1,0,0,1,0,0,1,0
21,True,2,34.0,0,0,13.0,True,True,0,1,0,0,1,0,0,1,0,1,0,1,0,0,1,0
22,True,3,15.0,0,0,8.0292,False,True,1,0,0,1,0,0,1,0,0,1,1,0,0,0,0,1
23,True,1,28.0,0,0,35.5,True,True,0,1,0,0,1,0,0,1,0,1,0,1,0,1,0,0
24,False,3,8.0,3,1,21.075,False,False,1,0,0,0,1,0,0,1,1,0,1,0,0,0,0,1
25,True,3,38.0,1,5,31.3875,False,False,1,0,0,0,1,0,0,1,0,1,0,0,1,0,0,1
26,False,3,33.0,0,0,7.225,True,True,0,1,1,0,0,1,0,0,1,0,0,1,0,0,0,1
27,False,1,19.0,3,2,263.0,True,False,0,1,0,0,1,0,0,1,1,0,0,1,0,1,0,0
28,True,3,32.0,0,0,7.8792,False,True,1,0,0,1,0,0,1,0,0,1,0,0,1,0,0,1
29,False,3,33.0,0,0,7.8958,True,True,0,1,0,0,1,0,0,1,1,0,0,1,0,0,0,1
30,False,1,40.0,0,0,27.7208,True,True,0,1,1,0,0,1,0,0,1,0,0,1,0,1,0,0
31,True,1,32.0,1,0,146.5208,False,False,1,0,1,0,0,1,0,0,0,1,0,0,1,1,0,0
32,True,3,32.0,0,0,7.75,False,True,1,0,0,1,0,0,1,0,0,1,0,0,1,0,0,1
33,False,2,66.0,0,0,10.5,True,True,0,1,0,0,1,0,0,1,1,0,0,1,0,0,1,0
34,False,1,28.0,1,0,82.1708,True,False,0,1,1,0,0,1,0,0,1,0,0,1,0,1,0,0
35,False,1,42.0,1,0,52.0,True,False,0,1,0,0,1,0,0,1,1,0,0,1,0,1,0,0
36,True,3,33.0,0,0,7.2292,True,True,0,1,1,0,0,1,0,0,0,1,0,1,0,0,0,1
37,False,3,21.0,0,0,8.05,True,True,0,1,0,0,1,0,0,1,1,0,0,1,0,0,0,1
38,False,3,18.0,2,0,18.0,False,False,1,0,0,0,1,0,0,1,1,0,0,0,1,0,0,1
39,True,3,14.0,1,0,11.2417,False,False,1,0,1,0,0,1,0,0,0,1,1,0,0,0,0,1
40,False,3,40.0,1,0,9.475,False,False,1,0,0,0,1,0,0,1,1,0,0,0,1,0,0,1
41,False,2,27.0,1,0,21.0,False,False,1,0,0,0,1,0,0,1,1,0,0,0,1,0,1,0
42,False,3,33.0,0,0,7.8958,True,True,0,1,1,0,0,1,0,0,1,0,0,1,0,0,0,1
43,True,2,3.0,1,2,41.5792,False,False,1,0,1,0,0,1,0,0,0,1,1,0,0,0,1,0
44,True,3,19.0,0,0,7.8792,False,True,1,0,0,1,0,0,1,0,0,1,0,0,1,0,0,1
45,False,3,33.0,0,0,8.05,True,True,0,1,0,0,1,0,0,1,1,0,0,1,0,0,0,1
46,False,3,33.0,1,0,15.5,True,False,0,1,0,1,0,0,1,0,1,0,0,1,0,0,0,1
47,True,3,32.0,0,0,7.75,False,True,1,0,0,1,0,0,1,0,0,1,0,0,1,0,0,1
48,False,3,33.0,2,0,21.6792,True,False,0,1,1,0,0,1,0,0,1,0,0,1,0,0,0,1
49,False,3,18.0,1,0,17.8,False,False,1,0,0,0,1,0,0,1,1,0,0,0,1,0,0,1
50,False,3,7.0,4,1,39.6875,False,False,0,1,0,0,1,0,0,1,1,0,1,0,0,0,0,1
51,False,3,21.0,0,0,7.8,True,True,0,1,0,0,1,0,0,1,1,0,0,1,0,0,0,1
52,True,1,49.0,1,0,76.7292,False,False,1,0,1,0,0,1,0,0,0,1,0,0,1,1,0,0
53,True,2,29.0,1,0,26.0,False,False,1,0,0,0,1,0,0,1,0,1,0,0,1,0,1,0
54,False,1,65.0,0,1,61.9792,True,False,0,1,1,0,0,1,0,0,1,0,0,1,0,1,0,0
55,True,1,33.0,0,0,35.5,True,True,0,1,0,0,1,0,0,1,0,1,0,1,0,1,0,0
56,True,2,21.0,0,0,10.5,False,True,1,0,0,0,1,0,0,1,0,1,0,0,1,0,1,0
57,False,3,28.5,0,0,7.2292,True,True,0,1,1,0,0,1,0,0,1,0,0,1,0,0,0,1
58,True,2,5.0,1,2,27.75,False,False,1,0,0,0,1,0,0,1,0,1,1,0,0,0,1,0
59,False,3,11.0,5,2,46.9,False,False,0,1,0,0,1,0,0,1,1,0,1,0,0,0,0,1
60,False,3,22.0,0,0,7.2292,True,True,0,1,1,0,0,1,0,0,1,0,0,1,0,0,0,1
62,False,1,45.0,1,0,83.475,True,False,0,1,0,0,1,0,0,1,1,0,0,1,0,1,0,0
63,False,3,4.0,3,2,27.9,False,False,0,1,0,0,1,0,0,1,1,0,1,0,0,0,0,1
64,False,1,33.0,0,0,27.7208,True,True,0,1,1,0,0,1,0,0,1,0,0,1,0,1,0,0
65,True,3,33.0,1,1,15.2458,True,False,0,1,1,0,0,1,0,0,0,1,0,1,0,0,0,1
66,True,2,29.0,0,0,10.5,False,True,1,0,0,0,1,0,0,1,0,1,0,0,1,0,1,0
67,False,3,19.0,0,0,8.1583,True,True,0,1,0,0,1,0,0,1,1,0,0,1,0,0,0,1
68,True,3,17.0,4,2,7.925,False,False,1,0,0,0,1,0,0,1,0,1,0,0,1,0,0,1
69,False,3,26.0,2,0,8.6625,True,False,0,1,0,0,1,0,0,1,1,0,0,1,0,0,0,1
70,False,2,32.0,0,0,10.5,True,True,0,1,0,0,1,0,0,1,1,0,0,1,0,0,1,0
71,False,3,16.0,5,2,46.9,False,False,1,0,0,0,1,0,0,1,1,0,0,0,1,0,0,1
72,False,2,21.0,0,0,73.5,True,True,0,1,0,0,1,0,0,1,1,0,0,1,0,0,1,0
73,False,3,26.0,1,0,14.4542,True,False,0,1,1,0,0,1,0,0,1,0,0,1,0,0,0,1
74,True,3,32.0,0,0,56.4958,True,True,0,1,0,0,1,0,0,1,0,1,0,1,0,0,0,1
75,False,3,25.0,0,0,7.65,True,True,0,1,0,0,1,0,0,1,1,0,0,1,0,0,0,1
76,False,3,33.0,0,0,7.8958,True,True,0,1,0,0,1,0,0,1,1,0,0,1,0,0,0,1
77,False,3,33.0,0,0,8.05,True,True,0,1,0,0,1,0,0,1,1,0,0,1,0,0,0,1
78,True,2,0.83,0,2,29.0,False,False,0,1,0,0,1,0,0,1,0,1,1,0,0,0,1,0
79,True,3,30.0,0,0,12.475,False,True,1,0,0,0,1,0,0,1,0,1,0,0,1,0,0,1
80,False,3,22.0,0,0,9.0,True,True,0,1,0,0,1,0,0,1,1,0,0,1,0,0,0,1
81,True,3,29.0,0,0,9.5,True,True,0,1,0,0,1,0,0,1,0,1,0,1,0,0,0,1
82,True,3,32.0,0,0,7.7875,False,True,1,0,0,1,0,0,1,0,0,1,0,0,1,0,0,1
83,False,1,28.0,0,0,47.1,True,True,0,1,0,0,1,0,0,1,1,0,0,1,0,1,0,0
84,True,2,17.0,0,0,10.5,False,True,1,0,0,0,1,0,0,1,0,1,0,0,1,0,1,0
85,True,3,33.0,3,0,15.85,False,False,1,0,0,0,1,0,0,1,0,1,0,0,1,0,0,1
86,False,3,16.0,1,3,34.375,True,False,0,1,0,0,1,0,0,1,1,0,0,1,0,0,0,1
87,False,3,33.0,0,0,8.05,True,True,0,1,0,0,1,0,0,1,1,0,0,1,0,0,0,1
88,True,1,23.0,3,2,263.0,False,False,1,0,0,0,1,0,0,1,0,1,0,0,1,1,0,0
89,False,3,24.0,0,0,8.05,True,True,0,1,0,0,1,0,0,1,1,0,0,1,0,0,0,1
90,False,3,29.0,0,0,8.05,True,True,0,1,0,0,1,0,0,1,1,0,0,1,0,0,0,1
91,False,3,20.0,0,0,7.8542,True,True,0,1,0,0,1,0,0,1,1,0,0,1,0,0,0,1
92,False,1,46.0,1,0,61.175,True,False,0,1,0,0,1,0,0,1,1,0,0,1,0,1,0,0
93,False,3,26.0,1,2,20.575,True,False,0,1,0,0,1,0,0,1,1,0,0,1,0,0,0,1
94,False,3,59.0,0,0,7.25,True,True,0,1,0,0,1,0,0,1,1,0,0,1,0,0,0,1
95,False,3,33.0,0,0,8.05,True,True,0,1,0,0,1,0,0,1,1,0,0,1,0,0,0,1
96,False,1,71.0,0,0,34.6542,True,True,0,1,1,0,0,1,0,0,1,0,0,1,0,1,0,0
97,True,1,23.0,0,1,63.3583,True,False,0,1,1,0,0,1,0,0,0,1,0,1,0,1,0,0
98,True,2,34.0,0,1,23.0,False,False,1,0,0,0,1,0,0,1,0,1,0,0,1,0,1,0
99,False,2,34.0,1,0,26.0,True,False,0,1,0,0,1,0,0,1,1,0,0,1,0,0,1,0
100,False,3,28.0,0,0,7.8958,False,True,1,0,0,0,1,0,0,1,1,0,0,0,1,0,0,1
101,False,3,33.0,0,0,7.8958,True,True,0,1,0,0,1,0,0,1,1,0,0,1,0,0,0,1
102,False,1,21.0,0,1,77.2875,True,False,0,1,0,0,1,0,0,1,1,0,0,1,0,1,0,0
103,False,3,33.0,0,0,8.6542,True,True,0,1,0,0,1,0,0,1,1,0,0,1,0,0,0,1
104,False,3,37.0,2,0,7.925,True,False,0,1,0,0,1,0,0,1,1,0,0,1,0,0,0,1
105,False,3,28.0,0,0,7.8958,True,True,0,1,0,0,1,0,0,1,1,0,0,1,0,0,0,1
106,True,3,21.0,0,0,7.65,False,True,1,0,0,0,1,0,0,1,0,1,0,0,1,0,0,1
107,True,3,33.0,0,0,7.775,True,True,0,1,0,0,1,0,0,1,0,1,0,1,0,0,0,1
108,False,3,38.0,0,0,7.8958,True,True,0,1,0,0,1,0,0,1,1,0,0,1,0,0,0,1
109,True,3,32.0,1,0,24.15,False,False,1,0,0,1,0,0,1,0,0,1,0,0,1,0,0,1
110,False,1,47.0,0,0,52.0,True,True,0,1,0,0,1,0,0,1,1,0,0,1,0,1,0,0
111,False,3,14.5,1,0,14.4542,False,False,1,0,1,0,0,1,0,0,1,0,1,0,0,0,0,1
112,False,3,22.0,0,0,8.05,True,True,0,1,0,0,1,0,0,1,1,0,0,1,0,0,0,1
113,False,3,20.0,1,0,9.825,False,False,1,0,0,0,1,0,0,1,1,0,0,0,1,0,0,1
114,False,3,17.0,0,0,14.4583,False,True,1,0,1,0,0,1,0,0,1,0,0,0,1,0,0,1
115,False,3,21.0,0,0,7.925,True,True,0,1,0,0,1,0,0,1,1,0,0,1,0,0,0,1
116,False,3,70.5,0,0,7.75,True,True,0,1,0,1,0,0,1,0,1,0,0,1,0,0,0,1
117,False,2,29.0,1,0,21.0,True,False,0,1,0,0,1,0,0,1,1,0,0,1,0,0,1,0
118,False,1,24.0,0,1,247.5208,True,False,0,1,1,0,0,1,0,0,1,0,0,1,0,1,0,0
119,False,3,2.0,4,2,31.275,False,False,1,0,0,0,1,0,0,1,1,0,1,0,0,0,0,1
120,False,2,21.0,2,0,73.5,True,False,0,1,0,0,1,0,0,1,1,0,0,1,0,0,1,0
121,False,3,33.0,0,0,8.05,True,True,0,1,0,0,1,0,0,1,1,0,0,1,0,0,0,1
122,False,2,32.5,1,0,30.0708,True,False,0,1,1,0,0,1,0,0,1,0,0,1,0,0,1,0
123,True,2,32.5,0,0,13.0,False,True,1,0,0,0,1,0,0,1,0,1,0,0,1,0,1,0
124,False,1,54.0,0,1,77.2875,True,False,0,1,0,0,1,0,0,1,1,0,0,1,0,1,0,0
125,True,3,12.0,1,0,11.2417,False,False,0,1,1,0,0,1,0,0,0,1,1,0,0,0,0,1
126,False,3,33.0,0,0,7.75,True,True,0,1,0,1,0,0,1,0,1,0,0,1,0,0,0,1
127,True,3,24.0,0,0,7.1417,True,True,0,1,0,0,1,0,0,1,0,1,0,1,0,0,0,1
128,True,3,32.0,1,1,22.3583,False,False,1,0,1,0,0,1,0,0,0,1,0,0,1,0,0,1
129,False,3,45.0,0,0,6.975,True,True,0,1,0,0,1,0,0,1,1,0,0,1,0,0,0,1
130,False,3,33.0,0,0,7.8958,True,True,0,1,1,0,0,1,0,0,1,0,0,1,0,0,0,1
131,False,3,20.0,0,0,7.05,True,True,0,1,0,0,1,0,0,1,1,0,0,1,0,0,0,1
132,False,3,47.0,1,0,14.5,False,False,1,0,0,0,1,0,0,1,1,0,0,0,1,0,0,1
133,True,2,29.0,1,0,26.0,False,False,1,0,0,0,1,0,0,1,0,1,0,0,1,0,1,0
134,False,2,25.0,0,0,13.0,True,True,0,1,0,0,1,0,0,1,1,0,0,1,0,0,1,0
135,False,2,23.0,0,0,15.0458,True,True,0,1,1,0,0,1,0,0,1,0,0,1,0,0,1,0
136,True,1,19.0,0,2,26.2833,False,False,1,0,0,0,1,0,0,1,0,1,0,0,1,1,0,0
137,False,1,37.0,1,0,53.1,True,False,0,1,0,0,1,0,0,1,1,0,0,1,0,1,0,0
138,False,3,16.0,0,0,9.2167,True,True,0,1,0,0,1,0,0,1,1,0,0,1,0,0,0,1
139,False,1,24.0,0,0,79.2,True,True,0,1,1,0,0,1,0,0,1,0,0,1,0,1,0,0
140,False,3,32.0,0,2,15.2458,False,False,1,0,1,0,0,1,0,0,1,0,0,0,1,0,0,1
141,True,3,22.0,0,0,7.75,False,True,1,0,0,0,1,0,0,1,0,1,0,0,1,0,0,1
142,True,3,24.0,1,0,15.85,False,False,1,0,0,0,1,0,0,1,0,1,0,0,1,0,0,1
143,False,3,19.0,0,0,6.75,True,True,0,1,0,1,0,0,1,0,1,0,0,1,0,0,0,1
144,False,2,18.0,0,0,11.5,True,True,0,1,0,0,1,0,0,1,1,0,0,1,0,0,1,0
145,False,2,19.0,1,1,36.75,True,False,0,1,0,0,1,0,0,1,1,0,0,1,0,0,1,0
146,True,3,27.0,0,0,7.7958,True,True,0,1,0,0,1,0,0,1,0,1,0,1,0,0,0,1
147,False,3,9.0,2,2,34.375,False,False,1,0,0,0,1,0,0,1,1,0,1,0,0,0,0,1
148,False,2,36.5,0,2,26.0,True,False,0,1,0,0,1,0,0,1,1,0,0,1,0,0,1,0
149,False,2,42.0,0,0,13.0,True,True,0,1,0,0,1,0,0,1,1,0,0,1,0,0,1,0
150,False,2,51.0,0,0,12.525,True,True,0,1,0,0,1,0,0,1,1,0,0,1,0,0,1,0
151,True,1,22.0,1,0,66.6,False,False,1,0,0,0,1,0,0,1,0,1,0,0,1,1,0,0
152,False,3,55.5,0,0,8.05,True,True,0,1,0,0,1,0,0,1,1,0,0,1,0,0,0,1
153,False,3,40.5,0,2,14.5,True,False,0,1,0,0,1,0,0,1,1,0,0,1,0,0,0,1
154,False,3,33.0,0,0,7.3125,True,True,0,1,0,0,1,0,0,1,1,0,0,1,0,0,0,1
155,False,1,51.0,0,1,61.3792,True,False,0,1,1,0,0,1,0,0,1,0,0,1,0,1,0,0
156,True,3,16.0,0,0,7.7333,False,True,1,0,0,1,0,0,1,0,0,1,0,0,1,0,0,1
157,False,3,30.0,0,0,8.05,True,True,0,1,0,0,1,0,0,1,1,0,0,1,0,0,0,1
158,False,3,33.0,0,0,8.6625,True,True,0,1,0,0,1,0,0,1,1,0,0,1,0,0,0,1
159,False,3,33.0,8,2,69.55,True,False,0,1,0,0,1,0,0,1,1,0,0,1,0,0,0,1
160,False,3,44.0,0,1,16.1,True,False,0,1,0,0,1,0,0,1,1,0,0,1,0,0,0,1
161,True,2,40.0,0,0,15.75,False,True,1,0,0,0,1,0,0,1,0,1,0,0,1,0,1,0
162,False,3,26.0,0,0,7.775,True,True,0,1,0,0,1,0,0,1,1,0,0,1,0,0,0,1
163,False,3,17.0,0,0,8.6625,True,True,0,1,0,0,1,0,0,1,1,0,0,1,0,0,0,1
164,False,3,1.0,4,1,39.6875,False,False,0,1,0,0,1,0,0,1,1,0,1,0,0,0,0,1
165,True,3,9.0,0,2,20.525,False,False,0,1,0,0,1,0,0,1,0,1,1,0,0,0,0,1
166,True,1,32.0,0,1,55.0,False,False,1,0,0,0,1,0,0,1,0,1,0,0,1,1,0,0
167,False,3,45.0,1,4,27.9,False,False,1,0,0,0,1,0,0,1,1,0,0,0,1,0,0,1
168,False,1,33.0,0,0,25.925,True,True,0,1,0,0,1,0,0,1,1,0,0,1,0,1,0,0
169,False,3,28.0,0,0,56.4958,True,True,0,1,0,0,1,0,0,1,1,0,0,1,0,0,0,1
170,False,1,61.0,0,0,33.5,True,True,0,1,0,0,1,0,0,1,1,0,0,1,0,1,0,0
171,False,3,4.0,4,1,29.125,False,False,0,1,0,1,0,0,1,0,1,0,1,0,0,0,0,1
172,True,3,1.0,1,1,11.1333,False,False,1,0,0,0,1,0,0,1,0,1,1,0,0,0,0,1
173,False,3,21.0,0,0,7.925,True,True,0,1,0,0,1,0,0,1,1,0,0,1,0,0,0,1
174,False,1,56.0,0,0,30.6958,True,True,0,1,1,0,0,1,0,0,1,0,0,1,0,1,0,0
175,False,3,18.0,1,1,7.8542,True,False,0,1,0,0,1,0,0,1,1,0,0,1,0,0,0,1
176,False,3,33.0,3,1,25.4667,True,False,0,1,0,0,1,0,0,1,1,0,0,1,0,0,0,1
177,False,1,50.0,0,0,28.7125,False,True,1,0,1,0,0,1,0,0,1,0,0,0,1,1,0,0
178,False,2,30.0,0,0,13.0,True,True,0,1,0,0,1,0,0,1,1,0,0,1,0,0,1,0
179,False,3,36.0,0,0,0.0,True,True,0,1,0,0,1,0,0,1,1,0,0,1,0,0,0,1
180,False,3,32.0,8,2,69.55,False,False,1,0,0,0,1,0,0,1,1,0,0,0,1,0,0,1
181,False,2,33.0,0,0,15.05,True,True,0,1,1,0,0,1,0,0,1,0,0,1,0,0,1,0
182,False,3,9.0,4,2,31.3875,False,False,0,1,0,0,1,0,0,1,1,0,1,0,0,0,0,1
183,True,2,1.0,2,1,39.0,False,False,0,1,0,0,1,0,0,1,0,1,1,0,0,0,1,0
184,True,3,4.0,0,2,22.025,False,False,1,0,0,0,1,0,0,1,0,1,1,0,0,0,0,1
185,False,1,33.0,0,0,50.0,True,True,0,1,0,0,1,0,0,1,1,0,0,1,0,1,0,0
186,True,3,32.0,1,0,15.5,False,False,1,0,0,1,0,0,1,0,0,1,0,0,1,0,0,1
187,True,1,45.0,0,0,26.55,True,True,0,1,0,0,1,0,0,1,0,1,0,1,0,1,0,0
188,False,3,40.0,1,1,15.5,True,False,0,1,0,1,0,0,1,0,1,0,0,1,0,0,0,1
189,False,3,36.0,0,0,7.8958,True,True,0,1,0,0,1,0,0,1,1,0,0,1,0,0,0,1
190,True,2,32.0,0,0,13.0,False,True,1,0,0,0,1,0,0,1,0,1,0,0,1,0,1,0
191,False,2,19.0,0,0,13.0,True,True,0,1,0,0,1,0,0,1,1,0,0,1,0,0,1,0
192,True,3,19.0,1,0,7.8542,False,False,1,0,0,0,1,0,0,1,0,1,0,0,1,0,0,1
193,True,2,3.0,1,1,26.0,False,False,0,1,0,0,1,0,0,1,0,1,1,0,0,0,1,0
194,True,1,44.0,0,0,27.7208,False,True,1,0,1,0,0,1,0,0,0,1,0,0,1,1,0,0
195,True,1,58.0,0,0,146.5208,False,True,1,0,1,0,0,1,0,0,0,1,0,0,1,1,0,0
196,False,3,33.0,0,0,7.75,True,True,0,1,0,1,0,0,1,0,1,0,0,1,0,0,0,1
197,False,3,42.0,0,1,8.4042,True,False,0,1,0,0,1,0,0,1,1,0,0,1,0,0,0,1
198,True,3,32.0,0,0,7.75,False,True,1,0,0,1,0,0,1,0,0,1,0,0,1,0,0,1
199,False,2,24.0,0,0,13.0,False,True,1,0,0,0,1,0,0,1,1,0,0,0,1,0,1,0
200,False,3,28.0,0,0,9.5,True,True,0,1,0,0,1,0,0,1,1,0,0,1,0,0,0,1
201,False,3,33.0,8,2,69.55,True,False,0,1,0,0,1,0,0,1,1,0,0,1,0,0,0,1
202,False,3,34.0,0,0,6.4958,True,True,0,1,0,0,1,0,0,1,1,0,0,1,0,0,0,1
203,False,3,45.5,0,0,7.225,True,True,0,1,1,0,0,1,0,0,1,0,0,1,0,0,0,1
204,True,3,18.0,0,0,8.05,True,True,0,1,0,0,1,0,0,1,0,1,0,1,0,0,0,1
205,False,3,2.0,0,1,10.4625,False,False,1,0,0,0,1,0,0,1,1,0,1,0,0,0,0,1
206,False,3,32.0,1,0,15.85,True,False,0,1,0,0,1,0,0,1,1,0,0,1,0,0,0,1
207,True,3,26.0,0,0,18.7875,True,True,0,1,1,0,0,1,0,0,0,1,0,1,0,0,0,1
208,True,3,16.0,0,0,7.75,False,True,1,0,0,1,0,0,1,0,0,1,0,0,1,0,0,1
209,True,1,40.0,0,0,31.0,True,True,0,1,1,0,0,1,0,0,0,1,0,1,0,1,0,0
210,False,3,24.0,0,0,7.05,True,True,0,1,0,0,1,0,0,1,1,0,0,1,0,0,0,1
211,True,2,35.0,0,0,21.0,False,True,1,0,0,0,1,0,0,1,0,1,0,0,1,0,1,0
212,False,3,22.0,0,0,7.25,True,True,0,1,0,0,1,0,0,1,1,0,0,1,0,0,0,1
213,False,2,30.0,0,0,13.0,True,True,0,1,0,0,1,0,0,1,1,0,0,1,0,0,1,0
214,False,3,33.0,1,0,7.75,True,False,0,1,0,1,0,0,1,0,1,0,0,1,0,0,0,1
215,True,1,31.0,1,0,113.275,False,False,1,0,1,0,0,1,0,0,0,1,0,0,1,1,0,0
216,True,3,27.0,0,0,7.925,False,True,1,0,0,0,1,0,0,1,0,1,0,0,1,0,0,1
217,False,2,42.0,1,0,27.0,True,False,0,1,0,0,1,0,0,1,1,0,0,1,0,0,1,0
218,True,1,32.0,0,0,76.2917,False,True,1,0,1,0,0,1,0,0,0,1,0,0,1,1,0,0
219,False,2,30.0,0,0,10.5,True,True,0,1,0,0,1,0,0,1,1,0,0,1,0,0,1,0
220,True,3,16.0,0,0,8.05,True,True,0,1,0,0,1,0,0,1,0,1,0,1,0,0,0,1
221,False,2,27.0,0,0,13.0,True,True,0,1,0,0,1,0,0,1,1,0,0,1,0,0,1,0
222,False,3,51.0,0,0,8.05,True,True,0,1,0,0,1,0,0,1,1,0,0,1,0,0,0,1
223,False,3,33.0,0,0,7.8958,True,True,0,1,0,0,1,0,0,1,1,0,0,1,0,0,0,1
224,True,1,38.0,1,0,90.0,True,False,0,1,0,0,1,0,0,1,0,1,0,1,0,1,0,0
225,False,3,22.0,0,0,9.35,True,True,0,1,0,0,1,0,0,1,1,0,0,1,0,0,0,1
226,True,2,19.0,0,0,10.5,True,True,0,1,0,0,1,0,0,1,0,1,0,1,0,0,1,0
227,False,3,20.5,0,0,7.25,True,True,0,1,0,0,1,0,0,1,1,0,0,1,0,0,0,1
228,False,2,18.0,0,0,13.0,True,True,0,1,0,0,1,0,0,1,1,0,0,1,0,0,1,0
229,False,3,32.0,3,1,25.4667,False,False,1,0,0,0,1,0,0,1,1,0,0,0,1,0,0,1
230,True,1,35.0,1,0,83.475,False,False,1,0,0,0,1,0,0,1,0,1,0,0,1,1,0,0
231,False,3,29.0,0,0,7.775,True,True,0,1,0,0,1,0,0,1,1,0,0,1,0,0,0,1
232,False,2,59.0,0,0,13.5,True,True,0,1,0,0,1,0,0,1,1,0,0,1,0,0,1,0
233,True,3,5.0,4,2,31.3875,False,False,1,0,0,0,1,0,0,1,0,1,1,0,0,0,0,1
234,False,2,24.0,0,0,10.5,True,True,0,1,0,0,1,0,0,1,1,0,0,1,0,0,1,0
235,False,3,32.0,0,0,7.55,False,True,1,0,0,0,1,0,0,1,1,0,0,0,1,0,0,1
236,False,2,44.0,1,0,26.0,True,False,0,1,0,0,1,0,0,1,1,0,0,1,0,0,1,0
237,True,2,8.0,0,2,26.25,False,False,1,0,0,0,1,0,0,1,0,1,1,0,0,0,1,0
238,False,2,19.0,0,0,10.5,True,True,0,1,0,0,1,0,0,1,1,0,0,1,0,0,1,0
239,False,2,33.0,0,0,12.275,True,True,0,1,0,0,1,0,0,1,1,0,0,1,0,0,1,0
240,False,3,32.0,1,0,14.4542,False,False,1,0,1,0,0,1,0,0,1,0,0,0,1,0,0,1
241,True,3,32.0,1,0,15.5,False,False,1,0,0,1,0,0,1,0,0,1,0,0,1,0,0,1
242,False,2,29.0,0,0,10.5,True,True,0,1,0,0,1,0,0,1,1,0,0,1,0,0,1,0
243,False,3,22.0,0,0,7.125,True,True,0,1,0,0,1,0,0,1,1,0,0,1,0,0,0,1
244,False,3,30.0,0,0,7.225,True,True,0,1,1,0,0,1,0,0,1,0,0,1,0,0,0,1
245,False,1,44.0,2,0,90.0,True,False,0,1,0,1,0,0,1,0,1,0,0,1,0,1,0,0
246,False,3,25.0,0,0,7.775,False,True,1,0,0,0,1,0,0,1,1,0,0,0,1,0,0,1
247,True,2,24.0,0,2,14.5,False,False,1,0,0,0,1,0,0,1,0,1,0,0,1,0,1,0
248,True,1,37.0,1,1,52.5542,True,False,0,1,0,0,1,0,0,1,0,1,0,1,0,1,0,0
249,False,2,54.0,1,0,26.0,True,False,0,1,0,0,1,0,0,1,1,0,0,1,0,0,1,0
250,False,3,33.0,0,0,7.25,True,True,0,1,0,0,1,0,0,1,1,0,0,1,0,0,0,1
251,False,3,29.0,1,1,10.4625,False,False,1,0,0,0,1,0,0,1,1,0,0,0,1,0,0,1
252,False,1,62.0,0,0,26.55,True,True,0,1,0,0,1,0,0,1,1,0,0,1,0,1,0,0
253,False,3,30.0,1,0,16.1,True,False,0,1,0,0,1,0,0,1,1,0,0,1,0,0,0,1
254,False,3,41.0,0,2,20.2125,False,False,1,0,0,0,1,0,0,1,1,0,0,0,1,0,0,1
255,True,3,29.0,0,2,15.2458,False,False,1,0,1,0,0,1,0,0,0,1,0,0,1,0,0,1
256,True,1,32.0,0,0,79.2,False,True,1,0,1,0,0,1,0,0,0,1,0,0,1,1,0,0
257,True,1,30.0,0,0,86.5,False,True,1,0,0,0,1,0,0,1,0,1,0,0,1,1,0,0
258,True,1,35.0,0,0,512.3292,False,True,1,0,1,0,0,1,0,0,0,1,0,0,1,1,0,0
259,True,2,50.0,0,1,26.0,False,False,1,0,0,0,1,0,0,1,0,1,0,0,1,0,1,0
260,False,3,33.0,0,0,7.75,True,True,0,1,0,1,0,0,1,0,1,0,0,1,0,0,0,1
261,True,3,3.0,4,2,31.3875,False,False,0,1,0,0,1,0,0,1,0,1,1,0,0,0,0,1
262,False,1,52.0,1,1,79.65,True,False,0,1,0,0,1,0,0,1,1,0,0,1,0,1,0,0
263,False,1,40.0,0,0,0.0,True,True,0,1,0,0,1,0,0,1,1,0,0,1,0,1,0,0
264,False,3,32.0,0,0,7.75,False,True,1,0,0,1,0,0,1,0,1,0,0,0,1,0,0,1
265,False,2,36.0,0,0,10.5,True,True,0,1,0,0,1,0,0,1,1,0,0,1,0,0,1,0
266,False,3,16.0,4,1,39.6875,True,False,0,1,0,0,1,0,0,1,1,0,0,1,0,0,0,1
267,True,3,25.0,1,0,7.775,True,False,0,1,0,0,1,0,0,1,0,1,0,1,0,0,0,1
268,True,1,58.0,0,1,153.4625,False,False,1,0,0,0,1,0,0,1,0,1,0,0,1,1,0,0
269,True,1,35.0,0,0,135.6333,False,True,1,0,0,0,1,0,0,1,0,1,0,0,1,1,0,0
270,False,1,33.0,0,0,31.0,True,True,0,1,0,0,1,0,0,1,1,0,0,1,0,1,0,0
271,True,3,25.0,0,0,0.0,True,True,0,1,0,0,1,0,0,1,0,1,0,1,0,0,0,1
272,True,2,41.0,0,1,19.5,False,False,1,0,0,0,1,0,0,1,0,1,0,0,1,0,1,0
273,False,1,37.0,0,1,29.7,True,False,0,1,1,0,0,1,0,0,1,0,0,1,0,1,0,0
274,True,3,32.0,0,0,7.75,False,True,1,0,0,1,0,0,1,0,0,1,0,0,1,0,0,1
275,True,1,63.0,1,0,77.9583,False,False,1,0,0,0,1,0,0,1,0,1,0,0,1,1,0,0
276,False,3,45.0,0,0,7.75,False,True,1,0,0,0,1,0,0,1,1,0,0,0,1,0,0,1
277,False,2,33.0,0,0,0.0,True,True,0,1,0,0,1,0,0,1,1,0,0,1,0,0,1,0
278,False,3,7.0,4,1,29.125,False,False,0,1,0,1,0,0,1,0,1,0,1,0,0,0,0,1
279,True,3,35.0,1,1,20.25,False,False,1,0,0,0,1,0,0,1,0,1,0,0,1,0,0,1
280,False,3,65.0,0,0,7.75,True,True,0,1,0,1,0,0,1,0,1,0,0,1,0,0,0,1
281,False,3,28.0,0,0,7.8542,True,True,0,1,0,0,1,0,0,1,1,0,0,1,0,0,0,1
282,False,3,16.0,0,0,9.5,True,True,0,1,0,0,1,0,0,1,1,0,0,1,0,0,0,1
283,True,3,19.0,0,0,8.05,True,True,0,1,0,0,1,0,0,1,0,1,0,1,0,0,0,1
284,False,1,33.0,0,0,26.0,True,True,0,1,0,0,1,0,0,1,1,0,0,1,0,1,0,0
285,False,3,33.0,0,0,8.6625,True,True,0,1,1,0,0,1,0,0,1,0,0,1,0,0,0,1
286,True,3,30.0,0,0,9.5,True,True,0,1,0,0,1,0,0,1,0,1,0,1,0,0,0,1
287,False,3,22.0,0,0,7.8958,True,True,0,1,0,0,1,0,0,1,1,0,0,1,0,0,0,1
288,True,2,42.0,0,0,13.0,True,True,0,1,0,0,1,0,0,1,0,1,0,1,0,0,1,0
289,True,3,22.0,0,0,7.75,False,True,1,0,0,1,0,0,1,0,0,1,0,0,1,0,0,1
290,True,1,26.0,0,0,78.85,False,True,1,0,0,0,1,0,0,1,0,1,0,0,1,1,0,0
291,True,1,19.0,1,0,91.0792,False,False,1,0,1,0,0,1,0,0,0,1,0,0,1,1,0,0
292,False,2,36.0,0,0,12.875,True,True,0,1,1,0,0,1,0,0,1,0,0,1,0,0,1,0
293,False,3,24.0,0,0,8.85,False,True,1,0,0,0,1,0,0,1,1,0,0,0,1,0,0,1
294,False,3,24.0,0,0,7.8958,True,True,0,1,0,0,1,0,0,1,1,0,0,1,0,0,0,1
295,False,1,33.0,0,0,27.7208,True,True,0,1,1,0,0,1,0,0,1,0,0,1,0,1,0,0
296,False,3,23.5,0,0,7.2292,True,True,0,1,1,0,0,1,0,0,1,0,0,1,0,0,0,1
297,False,1,2.0,1,2,151.55,False,False,1,0,0,0,1,0,0,1,1,0,1,0,0,1,0,0
298,True,1,33.0,0,0,30.5,True,True,0,1,0,0,1,0,0,1,0,1,0,1,0,1,0,0
299,True,1,50.0,0,1,247.5208,False,False,1,0,1,0,0,1,0,0,0,1,0,0,1,1,0,0
300,True,3,32.0,0,0,7.75,False,True,1,0,0,1,0,0,1,0,0,1,0,0,1,0,0,1
301,True,3,33.0,2,0,23.25,True,False,0,1,0,1,0,0,1,0,0,1,0,1,0,0,0,1
302,False,3,19.0,0,0,0.0,True,True,0,1,0,0,1,0,0,1,1,0,0,1,0,0,0,1
303,True,2,32.0,0,0,12.35,False,True,1,0,0,1,0,0,1,0,0,1,0,0,1,0,1,0
304,False,3,33.0,0,0,8.05,True,True,0,1,0,0,1,0,0,1,1,0,0,1,0,0,0,1
305,True,1,0.92,1,2,151.55,False,False,0,1,0,0,1,0,0,1,0,1,1,0,0,1,0,0
306,True,1,32.0,0,0,110.8833,False,True,1,0,1,0,0,1,0,0,0,1,0,0,1,1,0,0
307,True,1,17.0,1,0,108.9,False,False,1,0,1,0,0,1,0,0,0,1,0,0,1,1,0,0
308,False,2,30.0,1,0,24.0,True,False,0,1,1,0,0,1,0,0,1,0,0,1,0,0,1,0
309,True,1,30.0,0,0,56.9292,False,True,1,0,1,0,0,1,0,0,0,1,0,0,1,1,0,0
310,True,1,24.0,0,0,83.1583,False,True,1,0,1,0,0,1,0,0,0,1,0,0,1,1,0,0
311,True,1,18.0,2,2,262.375,False,False,1,0,1,0,0,1,0,0,0,1,0,0,1,1,0,0
312,False,2,26.0,1,1,26.0,False,False,1,0,0,0,1,0,0,1,1,0,0,0,1,0,1,0
313,False,3,28.0,0,0,7.8958,True,True,0,1,0,0,1,0,0,1,1,0,0,1,0,0,0,1
314,False,2,43.0,1,1,26.25,True,False,0,1,0,0,1,0,0,1,1,0,0,1,0,0,1,0
315,True,3,26.0,0,0,7.8542,False,True,1,0,0,0,1,0,0,1,0,1,0,0,1,0,0,1
316,True,2,24.0,1,0,26.0,False,False,1,0,0,0,1,0,0,1,0,1,0,0,1,0,1,0
317,False,2,54.0,0,0,14.0,True,True,0,1,0,0,1,0,0,1,1,0,0,1,0,0,1,0
318,True,1,31.0,0,2,164.8667,False,False,1,0,0,0,1,0,0,1,0,1,0,0,1,1,0,0
319,True,1,40.0,1,1,134.5,False,False,1,0,1,0,0,1,0,0,0,1,0,0,1,1,0,0
320,False,3,22.0,0,0,7.25,True,True,0,1,0,0,1,0,0,1,1,0,0,1,0,0,0,1
321,False,3,27.0,0,0,7.8958,True,True,0,1,0,0,1,0,0,1,1,0,0,1,0,0,0,1
322,True,2,30.0,0,0,12.35,False,True,1,0,0,1,0,0,1,0,0,1,0,0,1,0,1,0
323,True,2,22.0,1,1,29.0,False,False,1,0,0,0,1,0,0,1,0,1,0,0,1,0,1,0
324,False,3,33.0,8,2,69.55,True,False,0,1,0,0,1,0,0,1,1,0,0,1,0,0,0,1
325,True,1,36.0,0,0,135.6333,False,True,1,0,1,0,0,1,0,0,0,1,0,0,1,1,0,0
326,False,3,61.0,0,0,6.2375,True,True,0,1,0,0,1,0,0,1,1,0,0,1,0,0,0,1
327,True,2,36.0,0,0,13.0,False,True,1,0,0,0,1,0,0,1,0,1,0,0,1,0,1,0
328,True,3,31.0,1,1,20.525,False,False,1,0,0,0,1,0,0,1,0,1,0,0,1,0,0,1
329,True,1,16.0,0,1,57.9792,False,False,1,0,1,0,0,1,0,0,0,1,0,0,1,1,0,0
330,True,3,32.0,2,0,23.25,False,False,1,0,0,1,0,0,1,0,0,1,0,0,1,0,0,1
331,False,1,45.5,0,0,28.5,True,True,0,1,0,0,1,0,0,1,1,0,0,1,0,1,0,0
332,False,1,38.0,0,1,153.4625,True,False,0,1,0,0,1,0,0,1,1,0,0,1,0,1,0,0
333,False,3,16.0,2,0,18.0,True,False,0,1,0,0,1,0,0,1,1,0,0,1,0,0,0,1
334,True,1,32.0,1,0,133.65,False,False,1,0,0,0,1,0,0,1,0,1,0,0,1,1,0,0
335,False,3,33.0,0,0,7.8958,True,True,0,1,0,0,1,0,0,1,1,0,0,1,0,0,0,1
336,False,1,29.0,1,0,66.6,True,False,0,1,0,0,1,0,0,1,1,0,0,1,0,1,0,0
337,True,1,41.0,0,0,134.5,False,True,1,0,1,0,0,1,0,0,0,1,0,0,1,1,0,0
338,True,3,45.0,0,0,8.05,True,True,0,1,0,0,1,0,0,1,0,1,0,1,0,0,0,1
339,False,1,45.0,0,0,35.5,True,True,0,1,0,0,1,0,0,1,1,0,0,1,0,1,0,0
340,True,2,2.0,1,1,26.0,False,False,0,1,0,0,1,0,0,1,0,1,1,0,0,0,1,0
341,True,1,24.0,3,2,263.0,False,False,1,0,0,0,1,0,0,1,0,1,0,0,1,1,0,0
342,False,2,28.0,0,0,13.0,True,True,0,1,0,0,1,0,0,1,1,0,0,1,0,0,1,0
343,False,2,25.0,0,0,13.0,True,True,0,1,0,0,1,0,0,1,1,0,0,1,0,0,1,0
344,False,2,36.0,0,0,13.0,True,True,0,1,0,0,1,0,0,1,1,0,0,1,0,0,1,0
345,True,2,24.0,0,0,13.0,False,True,1,0,0,0,1,0,0,1,0,1,0,0,1,0,1,0
346,True,2,40.0,0,0,13.0,False,True,1,0,0,0,1,0,0,1,0,1,0,0,1,0,1,0
347,True,3,32.0,1,0,16.1,False,False,1,0,0,0,1,0,0,1,0,1,0,0,1,0,0,1
348,True,3,3.0,1,1,15.9,False,False,0,1,0,0,1,0,0,1,0,1,1,0,0,0,0,1
349,False,3,42.0,0,0,8.6625,True,True,0,1,0,0,1,0,0,1,1,0,0,1,0,0,0,1
350,False,3,23.0,0,0,9.225,True,True,0,1,0,0,1,0,0,1,1,0,0,1,0,0,0,1
351,False,1,33.0,0,0,35.0,True,True,0,1,0,0,1,0,0,1,1,0,0,1,0,1,0,0
352,False,3,15.0,1,1,7.2292,False,False,0,1,1,0,0,1,0,0,1,0,1,0,0,0,0,1
353,False,3,25.0,1,0,17.8,True,False,0,1,0,0,1,0,0,1,1,0,0,1,0,0,0,1
354,False,3,33.0,0,0,7.225,True,True,0,1,1,0,0,1,0,0,1,0,0,1,0,0,0,1
355,False,3,28.0,0,0,9.5,True,True,0,1,0,0,1,0,0,1,1,0,0,1,0,0,0,1
356,True,1,22.0,0,1,55.0,False,False,1,0,0,0,1,0,0,1,0,1,0,0,1,1,0,0
357,False,2,38.0,0,0,13.0,False,True,1,0,0,0,1,0,0,1,1,0,0,0,1,0,1,0
358,True,3,32.0,0,0,7.8792,False,True,1,0,0,1,0,0,1,0,0,1,0,0,1,0,0,1
359,True,3,32.0,0,0,7.8792,False,True,1,0,0,1,0,0,1,0,0,1,0,0,1,0,0,1
360,False,3,40.0,1,4,27.9,True,False,0,1,0,0,1,0,0,1,1,0,0,1,0,0,0,1
361,False,2,29.0,1,0,27.7208,True,False,0,1,1,0,0,1,0,0,1,0,0,1,0,0,1,0
362,False,3,45.0,0,1,14.4542,False,False,1,0,1,0,0,1,0,0,1,0,0,0,1,0,0,1
363,False,3,35.0,0,0,7.05,True,True,0,1,0,0,1,0,0,1,1,0,0,1,0,0,0,1
364,False,3,33.0,1,0,15.5,True,False,0,1,0,1,0,0,1,0,1,0,0,1,0,0,0,1
365,False,3,30.0,0,0,7.25,True,True,0,1,0,0,1,0,0,1,1,0,0,1,0,0,0,1
366,True,1,60.0,1,0,75.25,False,False,1,0,1,0,0,1,0,0,0,1,0,0,1,1,0,0
367,True,3,32.0,0,0,7.2292,False,True,1,0,1,0,0,1,0,0,0,1,0,0,1,0,0,1
368,True,3,32.0,0,0,7.75,False,True,1,0,0,1,0,0,1,0,0,1,0,0,1,0,0,1
369,True,1,24.0,0,0,69.3,False,True,1,0,1,0,0,1,0,0,0,1,0,0,1,1,0,0
370,True,1,25.0,1,0,55.4417,True,False,0,1,1,0,0,1,0,0,0,1,0,1,0,1,0,0
371,False,3,18.0,1,0,6.4958,True,False,0,1,0,0,1,0,0,1,1,0,0,1,0,0,0,1
372,False,3,19.0,0,0,8.05,True,True,0,1,0,0,1,0,0,1,1,0,0,1,0,0,0,1
373,False,1,22.0,0,0,135.6333,True,True,0,1,1,0,0,1,0,0,1,0,0,1,0,1,0,0
374,False,3,3.0,3,1,21.075,False,False,1,0,0,0,1,0,0,1,1,0,1,0,0,0,0,1
375,True,1,32.0,1,0,82.1708,False,False,1,0,1,0,0,1,0,0,0,1,0,0,1,1,0,0
376,True,3,22.0,0,0,7.25,False,True,1,0,0,0,1,0,0,1,0,1,0,0,1,0,0,1
377,False,1,27.0,0,2,211.5,True,False,0,1,1,0,0,1,0,0,1,0,0,1,0,1,0,0
378,False,3,20.0,0,0,4.0125,True,True,0,1,1,0,0,1,0,0,1,0,0,1,0,0,0,1
379,False,3,19.0,0,0,7.775,True,True,0,1,0,0,1,0,0,1,1,0,0,1,0,0,0,1
380,True,1,42.0,0,0,227.525,False,True,1,0,1,0,0,1,0,0,0,1,0,0,1,1,0,0
381,True,3,1.0,0,2,15.7417,False,False,1,0,1,0,0,1,0,0,0,1,1,0,0,0,0,1
382,False,3,32.0,0,0,7.925,True,True,0,1,0,0,1,0,0,1,1,0,0,1,0,0,0,1
383,True,1,35.0,1,0,52.0,False,False,1,0,0,0,1,0,0,1,0,1,0,0,1,1,0,0
384,False,3,33.0,0,0,7.8958,True,True,0,1,0,0,1,0,0,1,1,0,0,1,0,0,0,1
385,False,2,18.0,0,0,73.5,True,True,0,1,0,0,1,0,0,1,1,0,0,1,0,0,1,0
386,False,3,1.0,5,2,46.9,False,False,0,1,0,0,1,0,0,1,1,0,1,0,0,0,0,1
387,True,2,36.0,0,0,13.0,False,True,1,0,0,0,1,0,0,1,0,1,0,0,1,0,1,0
388,False,3,33.0,0,0,7.7292,True,True,0,1,0,1,0,0,1,0,1,0,0,1,0,0,0,1
389,True,2,17.0,0,0,12.0,False,True,1,0,1,0,0,1,0,0,0,1,0,0,1,0,1,0
390,True,1,36.0,1,2,120.0,True,False,0,1,0,0,1,0,0,1,0,1,0,1,0,1,0,0
391,True,3,21.0,0,0,7.7958,True,True,0,1,0,0,1,0,0,1,0,1,0,1,0,0,0,1
392,False,3,28.0,2,0,7.925,True,False,0,1,0,0,1,0,0,1,1,0,0,1,0,0,0,1
393,True,1,23.0,1,0,113.275,False,False,1,0,1,0,0,1,0,0,0,1,0,0,1,1,0,0
394,True,3,24.0,0,2,16.7,False,False,1,0,0,0,1,0,0,1,0,1,0,0,1,0,0,1
395,False,3,22.0,0,0,7.7958,True,True,0,1,0,0,1,0,0,1,1,0,0,1,0,0,0,1
396,False,3,31.0,0,0,7.8542,False,True,1,0,0,0,1,0,0,1,1,0,0,0,1,0,0,1
397,False,2,46.0,0,0,26.0,True,True,0,1,0,0,1,0,0,1,1,0,0,1,0,0,1,0
398,False,2,23.0,0,0,10.5,True,True,0,1,0,0,1,0,0,1,1,0,0,1,0,0,1,0
399,True,2,28.0,0,0,12.65,False,True,1,0,0,0,1,0,0,1,0,1,0,0,1,0,1,0
400,True,3,39.0,0,0,7.925,True,True,0,1,0,0,1,0,0,1,0,1,0,1,0,0,0,1
401,False,3,26.0,0,0,8.05,True,True,0,1,0,0,1,0,0,1,1,0,0,1,0,0,0,1
402,False,3,21.0,1,0,9.825,False,False,1,0,0,0,1,0,0,1,1,0,0,0,1,0,0,1
403,False,3,28.0,1,0,15.85,True,False,0,1,0,0,1,0,0,1,1,0,0,1,0,0,0,1
404,False,3,20.0,0,0,8.6625,False,True,1,0,0,0,1,0,0,1,1,0,0,0,1,0,0,1
405,False,2,34.0,1,0,21.0,True,False,0,1,0,0,1,0,0,1,1,0,0,1,0,0,1,0
406,False,3,51.0,0,0,7.75,True,True,0,1,0,0,1,0,0,1,1,0,0,1,0,0,0,1
407,True,2,3.0,1,1,18.75,False,False,0,1,0,0,1,0,0,1,0,1,1,0,0,0,1,0
408,False,3,21.0,0,0,7.775,True,True,0,1,0,0,1,0,0,1,1,0,0,1,0,0,0,1
409,False,3,32.0,3,1,25.4667,False,False,1,0,0,0,1,0,0,1,1,0,0,0,1,0,0,1
410,False,3,33.0,0,0,7.8958,True,True,0,1,0,0,1,0,0,1,1,0,0,1,0,0,0,1
411,False,3,33.0,0,0,6.8583,True,True,0,1,0,1,0,0,1,0,1,0,0,1,0,0,0,1
412,True,1,33.0,1,0,90.0,False,False,1,0,0,1,0,0,1,0,0,1,0,0,1,1,0,0
413,False,2,33.0,0,0,0.0,True,True,0,1,0,0,1,0,0,1,1,0,0,1,0,0,1,0
414,True,3,44.0,0,0,7.925,True,True,0,1,0,0,1,0,0,1,0,1,0,1,0,0,0,1
415,False,3,32.0,0,0,8.05,False,True,1,0,0,0,1,0,0,1,1,0,0,0,1,0,0,1
416,True,2,34.0,1,1,32.5,False,False,1,0,0,0,1,0,0,1,0,1,0,0,1,0,1,0
417,True,2,18.0,0,2,13.0,False,False,1,0,0,0,1,0,0,1,0,1,0,0,1,0,1,0
418,False,2,30.0,0,0,13.0,True,True,0,1,0,0,1,0,0,1,1,0,0,1,0,0,1,0
419,False,3,10.0,0,2,24.15,False,False,1,0,0,0,1,0,0,1,1,0,1,0,0,0,0,1
420,False,3,33.0,0,0,7.8958,True,True,0,1,1,0,0,1,0,0,1,0,0,1,0,0,0,1
421,False,3,21.0,0,0,7.7333,True,True,0,1,0,1,0,0,1,0,1,0,0,1,0,0,0,1
422,False,3,29.0,0,0,7.875,True,True,0,1,0,0,1,0,0,1,1,0,0,1,0,0,0,1
423,False,3,28.0,1,1,14.4,False,False,1,0,0,0,1,0,0,1,1,0,0,0,1,0,0,1
424,False,3,18.0,1,1,20.2125,True,False,0,1,0,0,1,0,0,1,1,0,0,1,0,0,0,1
425,False,3,33.0,0,0,7.25,True,True,0,1,0,0,1,0,0,1,1,0,0,1,0,0,0,1
426,True,2,28.0,1,0,26.0,False,False,1,0,0,0,1,0,0,1,0,1,0,0,1,0,1,0
427,True,2,19.0,0,0,26.0,False,True,1,0,0,0,1,0,0,1,0,1,0,0,1,0,1,0
428,False,3,33.0,0,0,7.75,True,True,0,1,0,1,0,0,1,0,1,0,0,1,0,0,0,1
429,True,3,32.0,0,0,8.05,True,True,0,1,0,0,1,0,0,1,0,1,0,1,0,0,0,1
430,True,1,28.0,0,0,26.55,True,True,0,1,0,0,1,0,0,1,0,1,0,1,0,1,0,0
431,True,3,32.0,1,0,16.1,False,False,1,0,0,0,1,0,0,1,0,1,0,0,1,0,0,1
432,True,2,42.0,1,0,26.0,False,False,1,0,0,0,1,0,0,1,0,1,0,0,1,0,1,0
433,False,3,17.0,0,0,7.125,True,True,0,1,0,0,1,0,0,1,1,0,0,1,0,0,0,1
434,False,1,50.0,1,0,55.9,True,False,0,1,0,0,1,0,0,1,1,0,0,1,0,1,0,0
435,True,1,14.0,1,2,120.0,False,False,1,0,0,0,1,0,0,1,0,1,1,0,0,1,0,0
436,False,3,21.0,2,2,34.375,False,False,1,0,0,0,1,0,0,1,1,0,0,0,1,0,0,1
437,True,2,24.0,2,3,18.75,False,False,1,0,0,0,1,0,0,1,0,1,0,0,1,0,1,0
438,False,1,64.0,1,4,263.0,True,False,0,1,0,0,1,0,0,1,1,0,0,1,0,1,0,0
439,False,2,31.0,0,0,10.5,True,True,0,1,0,0,1,0,0,1,1,0,0,1,0,0,1,0
440,True,2,45.0,1,1,26.25,False,False,1,0,0,0,1,0,0,1,0,1,0,0,1,0,1,0
441,False,3,20.0,0,0,9.5,True,True,0,1,0,0,1,0,0,1,1,0,0,1,0,0,0,1
442,False,3,25.0,1,0,7.775,True,False,0,1,0,0,1,0,0,1,1,0,0,1,0,0,0,1
443,True,2,28.0,0,0,13.0,False,True,1,0,0,0,1,0,0,1,0,1,0,0,1,0,1,0
444,True,3,33.0,0,0,8.1125,True,True,0,1,0,0,1,0,0,1,0,1,0,1,0,0,0,1
445,True,1,4.0,0,2,81.8583,False,False,0,1,0,0,1,0,0,1,0,1,1,0,0,1,0,0
446,True,2,13.0,0,1,19.5,False,False,1,0,0,0,1,0,0,1,0,1,1,0,0,0,1,0
447,True,1,34.0,0,0,26.55,True,True,0,1,0,0,1,0,0,1,0,1,0,1,0,1,0,0
448,True,3,5.0,2,1,19.2583,False,False,1,0,1,0,0,1,0,0,0,1,1,0,0,0,0,1
449,True,1,52.0,0,0,30.5,True,True,0,1,0,0,1,0,0,1,0,1,0,1,0,1,0,0
450,False,2,36.0,1,2,27.75,True,False,0,1,0,0,1,0,0,1,1,0,0,1,0,0,1,0
451,False,3,33.0,1,0,19.9667,True,False,0,1,0,0,1,0,0,1,1,0,0,1,0,0,0,1
452,False,1,30.0,0,0,27.75,True,True,0,1,1,0,0,1,0,0,1,0,0,1,0,1,0,0
453,True,1,49.0,1,0,89.1042,True,False,0,1,1,0,0,1,0,0,0,1,0,1,0,1,0,0
454,False,3,33.0,0,0,8.05,True,True,0,1,0,0,1,0,0,1,1,0,0,1,0,0,0,1
455,True,3,29.0,0,0,7.8958,True,True,0,1,1,0,0,1,0,0,0,1,0,1,0,0,0,1
456,False,1,65.0,0,0,26.55,True,True,0,1,0,0,1,0,0,1,1,0,0,1,0,1,0,0
457,True,1,32.0,1,0,51.8625,False,False,1,0,0,0,1,0,0,1,0,1,0,0,1,1,0,0
458,True,2,50.0,0,0,10.5,False,True,1,0,0,0,1,0,0,1,0,1,0,0,1,0,1,0
459,False,3,33.0,0,0,7.75,True,True,0,1,0,1,0,0,1,0,1,0,0,1,0,0,0,1
460,True,1,48.0,0,0,26.55,True,True,0,1,0,0,1,0,0,1,0,1,0,1,0,1,0,0
461,False,3,34.0,0,0,8.05,True,True,0,1,0,0,1,0,0,1,1,0,0,1,0,0,0,1
462,False,1,47.0,0,0,38.5,True,True,0,1,0,0,1,0,0,1,1,0,0,1,0,1,0,0
463,False,2,48.0,0,0,13.0,True,True,0,1,0,0,1,0,0,1,1,0,0,1,0,0,1,0
464,False,3,33.0,0,0,8.05,True,True,0,1,0,0,1,0,0,1,1,0,0,1,0,0,0,1
465,False,3,38.0,0,0,7.05,True,True,0,1,0,0,1,0,0,1,1,0,0,1,0,0,0,1
466,False,2,33.0,0,0,0.0,True,True,0,1,0,0,1,0,0,1,1,0,0,1,0,0,1,0
467,False,1,56.0,0,0,26.55,True,True,0,1,0,0,1,0,0,1,1,0,0,1,0,1,0,0
468,False,3,33.0,0,0,7.725,True,True,0,1,0,1,0,0,1,0,1,0,0,1,0,0,0,1
469,True,3,0.75,2,1,19.2583,False,False,1,0,1,0,0,1,0,0,0,1,1,0,0,0,0,1
470,False,3,33.0,0,0,7.25,True,True,0,1,0,0,1,0,0,1,1,0,0,1,0,0,0,1
471,False,3,38.0,0,0,8.6625,True,True,0,1,0,0,1,0,0,1,1,0,0,1,0,0,0,1
472,True,2,33.0,1,2,27.75,False,False,1,0,0,0,1,0,0,1,0,1,0,0,1,0,1,0
473,True,2,23.0,0,0,13.7917,False,True,1,0,1,0,0,1,0,0,0,1,0,0,1,0,1,0
474,False,3,22.0,0,0,9.8375,False,True,1,0,0,0,1,0,0,1,1,0,0,0,1,0,0,1
475,False,1,33.0,0,0,52.0,True,True,0,1,0,0,1,0,0,1,1,0,0,1,0,1,0,0
476,False,2,34.0,1,0,21.0,True,False,0,1,0,0,1,0,0,1,1,0,0,1,0,0,1,0
477,False,3,29.0,1,0,7.0458,True,False,0,1,0,0,1,0,0,1,1,0,0,1,0,0,0,1
478,False,3,22.0,0,0,7.5208,True,True,0,1,0,0,1,0,0,1,1,0,0,1,0,0,0,1
479,True,3,2.0,0,1,12.2875,False,False,1,0,0,0,1,0,0,1,0,1,1,0,0,0,0,1
480,False,3,9.0,5,2,46.9,False,False,0,1,0,0,1,0,0,1,1,0,1,0,0,0,0,1
481,False,2,33.0,0,0,0.0,True,True,0,1,0,0,1,0,0,1,1,0,0,1,0,0,1,0
482,False,3,50.0,0,0,8.05,True,True,0,1,0,0,1,0,0,1,1,0,0,1,0,0,0,1
483,True,3,63.0,0,0,9.5875,False,True,1,0,0,0,1,0,0,1,0,1,0,0,1,0,0,1
484,True,1,25.0,1,0,91.0792,True,False,0,1,1,0,0,1,0,0,0,1,0,1,0,1,0,0
485,False,3,32.0,3,1,25.4667,False,False,1,0,0,0,1,0,0,1,1,0,0,0,1,0,0,1
486,True,1,35.0,1,0,90.0,False,False,1,0,0,0,1,0,0,1,0,1,0,0,1,1,0,0
487,False,1,58.0,0,0,29.7,True,True,0,1,1,0,0,1,0,0,1,0,0,1,0,1,0,0
488,False,3,30.0,0,0,8.05,True,True,0,1,0,0,1,0,0,1,1,0,0,1,0,0,0,1
489,True,3,9.0,1,1,15.9,False,False,0,1,0,0,1,0,0,1,0,1,1,0,0,0,0,1
490,False,3,33.0,1,0,19.9667,True,False,0,1,0,0,1,0,0,1,1,0,0,1,0,0,0,1
491,False,3,21.0,0,0,7.25,True,True,0,1,0,0,1,0,0,1,1,0,0,1,0,0,0,1
492,False,1,55.0,0,0,30.5,True,True,0,1,0,0,1,0,0,1,1,0,0,1,0,1,0,0
493,False,1,71.0,0,0,49.5042,True,True,0,1,1,0,0,1,0,0,1,0,0,1,0,1,0,0
494,False,3,21.0,0,0,8.05,True,True,0,1,0,0,1,0,0,1,1,0,0,1,0,0,0,1
495,False,3,33.0,0,0,14.4583,True,True,0,1,1,0,0,1,0,0,1,0,0,1,0,0,0,1
496,True,1,54.0,1,0,78.2667,False,False,1,0,1,0,0,1,0,0,0,1,0,0,1,1,0,0
497,False,3,33.0,0,0,15.1,True,True,0,1,0,0,1,0,0,1,1,0,0,1,0,0,0,1
498,False,1,25.0,1,2,151.55,False,False,1,0,0,0,1,0,0,1,1,0,0,0,1,1,0,0
499,False,3,24.0,0,0,7.7958,True,True,0,1,0,0,1,0,0,1,1,0,0,1,0,0,0,1
500,False,3,17.0,0,0,8.6625,True,True,0,1,0,0,1,0,0,1,1,0,0,1,0,0,0,1
501,False,3,21.0,0,0,7.75,False,True,1,0,0,1,0,0,1,0,1,0,0,0,1,0,0,1
502,False,3,32.0,0,0,7.6292,False,True,1,0,0,1,0,0,1,0,1,0,0,0,1,0,0,1
503,False,3,37.0,0,0,9.5875,False,True,1,0,0,0,1,0,0,1,1,0,0,0,1,0,0,1
504,True,1,16.0,0,0,86.5,False,True,1,0,0,0,1,0,0,1,0,1,0,0,1,1,0,0
505,False,1,18.0,1,0,108.9,True,False,0,1,1,0,0,1,0,0,1,0,0,1,0,1,0,0
506,True,2,33.0,0,2,26.0,False,False,1,0,0,0,1,0,0,1,0,1,0,0,1,0,1,0
507,True,1,33.0,0,0,26.55,True,True,0,1,0,0,1,0,0,1,0,1,0,1,0,1,0,0
508,False,3,28.0,0,0,22.525,True,True,0,1,0,0,1,0,0,1,1,0,0,1,0,0,0,1
509,True,3,26.0,0,0,56.4958,True,True,0,1,0,0,1,0,0,1,0,1,0,1,0,0,0,1
510,True,3,29.0,0,0,7.75,True,True,0,1,0,1,0,0,1,0,0,1,0,1,0,0,0,1
511,False,3,33.0,0,0,8.05,True,True,0,1,0,0,1,0,0,1,1,0,0,1,0,0,0,1
512,True,1,36.0,0,0,26.2875,True,True,0,1,0,0,1,0,0,1,0,1,0,1,0,1,0,0
513,True,1,54.0,1,0,59.4,False,False,1,0,1,0,0,1,0,0,0,1,0,0,1,1,0,0
514,False,3,24.0,0,0,7.4958,True,True,0,1,0,0,1,0,0,1,1,0,0,1,0,0,0,1
515,False,1,47.0,0,0,34.0208,True,True,0,1,0,0,1,0,0,1,1,0,0,1,0,1,0,0
516,True,2,34.0,0,0,10.5,False,True,1,0,0,0,1,0,0,1,0,1,0,0,1,0,1,0
517,False,3,33.0,0,0,24.15,True,True,0,1,0,1,0,0,1,0,1,0,0,1,0,0,0,1
518,True,2,36.0,1,0,26.0,False,False,1,0,0,0,1,0,0,1,0,1,0,0,1,0,1,0
519,False,3,32.0,0,0,7.8958,True,True,0,1,0,0,1,0,0,1,1,0,0,1,0,0,0,1
520,True,1,30.0,0,0,93.5,False,True,1,0,0,0,1,0,0,1,0,1,0,0,1,1,0,0
521,False,3,22.0,0,0,7.8958,True,True,0,1,0,0,1,0,0,1,1,0,0,1,0,0,0,1
522,False,3,33.0,0,0,7.225,True,True,0,1,1,0,0,1,0,0,1,0,0,1,0,0,0,1
523,True,1,44.0,0,1,57.9792,False,False,1,0,1,0,0,1,0,0,0,1,0,0,1,1,0,0
524,False,3,33.0,0,0,7.2292,True,True,0,1,1,0,0,1,0,0,1,0,0,1,0,0,0,1
525,False,3,40.5,0,0,7.75,True,True,0,1,0,1,0,0,1,0,1,0,0,1,0,0,0,1
526,True,2,50.0,0,0,10.5,False,True,1,0,0,0,1,0,0,1,0,1,0,0,1,0,1,0
527,False,1,33.0,0,0,221.7792,True,True,0,1,0,0,1,0,0,1,1,0,0,1,0,1,0,0
528,False,3,39.0,0,0,7.925,True,True,0,1,0,0,1,0,0,1,1,0,0,1,0,0,0,1
529,False,2,23.0,2,1,11.5,True,False,0,1,0,0,1,0,0,1,1,0,0,1,0,0,1,0
530,True,2,2.0,1,1,26.0,False,False,1,0,0,0,1,0,0,1,0,1,1,0,0,0,1,0
531,False,3,33.0,0,0,7.2292,True,True,0,1,1,0,0,1,0,0,1,0,0,1,0,0,0,1
532,False,3,17.0,1,1,7.2292,True,False,0,1,1,0,0,1,0,0,1,0,0,1,0,0,0,1
533,True,3,32.0,0,2,22.3583,False,False,1,0,1,0,0,1,0,0,0,1,0,0,1,0,0,1
534,False,3,30.0,0,0,8.6625,False,True,1,0,0,0,1,0,0,1,1,0,0,0,1,0,0,1
535,True,2,7.0,0,2,26.25,False,False,1,0,0,0,1,0,0,1,0,1,1,0,0,0,1,0
536,False,1,45.0,0,0,26.55,True,True,0,1,0,0,1,0,0,1,1,0,0,1,0,1,0,0
537,True,1,30.0,0,0,106.425,False,True,1,0,1,0,0,1,0,0,0,1,0,0,1,1,0,0
538,False,3,33.0,0,0,14.5,True,True,0,1,0,0,1,0,0,1,1,0,0,1,0,0,0,1
539,True,1,22.0,0,2,49.5,False,False,1,0,1,0,0,1,0,0,0,1,0,0,1,1,0,0
540,True,1,36.0,0,2,71.0,False,False,1,0,0,0,1,0,0,1,0,1,0,0,1,1,0,0
541,False,3,9.0,4,2,31.275,False,False,1,0,0,0,1,0,0,1,1,0,1,0,0,0,0,1
542,False,3,11.0,4,2,31.275,False,False,1,0,0,0,1,0,0,1,1,0,1,0,0,0,0,1
543,True,2,32.0,1,0,26.0,True,False,0,1,0,0,1,0,0,1,0,1,0,1,0,0,1,0
544,False,1,50.0,1,0,106.425,True,False,0,1,1,0,0,1,0,0,1,0,0,1,0,1,0,0
545,False,1,64.0,0,0,26.0,True,True,0,1,0,0,1,0,0,1,1,0,0,1,0,1,0,0
546,True,2,19.0,1,0,26.0,False,False,1,0,0,0,1,0,0,1,0,1,0,0,1,0,1,0
547,True,2,33.0,0,0,13.8625,True,True,0,1,1,0,0,1,0,0,0,1,0,1,0,0,1,0
548,False,3,33.0,1,1,20.525,True,False,0,1,0,0,1,0,0,1,1,0,0,1,0,0,0,1
549,True,2,8.0,1,1,36.75,False,False,0,1,0,0,1,0,0,1,0,1,1,0,0,0,1,0
550,True,1,17.0,0,2,110.8833,True,False,0,1,1,0,0,1,0,0,0,1,0,1,0,1,0,0
551,False,2,27.0,0,0,26.0,True,True,0,1,0,0,1,0,0,1,1,0,0,1,0,0,1,0
552,False,3,33.0,0,0,7.8292,True,True,0,1,0,1,0,0,1,0,1,0,0,1,0,0,0,1
553,True,3,22.0,0,0,7.225,True,True,0,1,1,0,0,1,0,0,0,1,0,1,0,0,0,1
554,True,3,22.0,0,0,7.775,False,True,1,0,0,0,1,0,0,1,0,1,0,0,1,0,0,1
555,False,1,62.0,0,0,26.55,True,True,0,1,0,0,1,0,0,1,1,0,0,1,0,1,0,0
556,True,1,48.0,1,0,39.6,False,False,1,0,1,0,0,1,0,0,0,1,0,0,1,1,0,0
557,False,1,33.0,0,0,227.525,True,True,0,1,1,0,0,1,0,0,1,0,0,1,0,1,0,0
558,True,1,39.0,1,1,79.65,False,False,1,0,0,0,1,0,0,1,0,1,0,0,1,1,0,0
559,True,3,36.0,1,0,17.4,False,False,1,0,0,0,1,0,0,1,0,1,0,0,1,0,0,1
560,False,3,33.0,0,0,7.75,True,True,0,1,0,1,0,0,1,0,1,0,0,1,0,0,0,1
561,False,3,40.0,0,0,7.8958,True,True,0,1,0,0,1,0,0,1,1,0,0,1,0,0,0,1
562,False,2,28.0,0,0,13.5,True,True,0,1,0,0,1,0,0,1,1,0,0,1,0,0,1,0
563,False,3,33.0,0,0,8.05,True,True,0,1,0,0,1,0,0,1,1,0,0,1,0,0,0,1
564,False,3,32.0,0,0,8.05,False,True,1,0,0,0,1,0,0,1,1,0,0,0,1,0,0,1
565,False,3,24.0,2,0,24.15,True,False,0,1,0,0,1,0,0,1,1,0,0,1,0,0,0,1
566,False,3,19.0,0,0,7.8958,True,True,0,1,0,0,1,0,0,1,1,0,0,1,0,0,0,1
567,False,3,29.0,0,4,21.075,False,False,1,0,0,0,1,0,0,1,1,0,0,0,1,0,0,1
568,False,3,33.0,0,0,7.2292,True,True,0,1,1,0,0,1,0,0,1,0,0,1,0,0,0,1
569,True,3,32.0,0,0,7.8542,True,True,0,1,0,0,1,0,0,1,0,1,0,1,0,0,0,1
570,True,2,62.0,0,0,10.5,True,True,0,1,0,0,1,0,0,1,0,1,0,1,0,0,1,0
571,True,1,53.0,2,0,51.4792,False,False,1,0,0,0,1,0,0,1,0,1,0,0,1,1,0,0
572,True,1,36.0,0,0,26.3875,True,True,0,1,0,0,1,0,0,1,0,1,0,1,0,1,0,0
573,True,3,32.0,0,0,7.75,False,True,1,0,0,1,0,0,1,0,0,1,0,0,1,0,0,1
574,False,3,16.0,0,0,8.05,True,True,0,1,0,0,1,0,0,1,1,0,0,1,0,0,0,1
575,False,3,19.0,0,0,14.5,True,True,0,1,0,0,1,0,0,1,1,0,0,1,0,0,0,1
576,True,2,34.0,0,0,13.0,False,True,1,0,0,0,1,0,0,1,0,1,0,0,1,0,1,0
577,True,1,39.0,1,0,55.9,False,False,1,0,0,0,1,0,0,1,0,1,0,0,1,1,0,0
578,False,3,32.0,1,0,14.4583,False,False,1,0,1,0,0,1,0,0,1,0,0,0,1,0,0,1
579,True,3,32.0,0,0,7.925,True,True,0,1,0,0,1,0,0,1,0,1,0,1,0,0,0,1
580,True,2,25.0,1,1,30.0,False,False,1,0,0,0,1,0,0,1,0,1,0,0,1,0,1,0
581,True,1,39.0,1,1,110.8833,False,False,1,0,1,0,0,1,0,0,0,1,0,0,1,1,0,0
582,False,2,54.0,0,0,26.0,True,True,0,1,0,0,1,0,0,1,1,0,0,1,0,0,1,0
583,False,1,36.0,0,0,40.125,True,True,0,1,1,0,0,1,0,0,1,0,0,1,0,1,0,0
584,False,3,33.0,0,0,8.7125,True,True,0,1,1,0,0,1,0,0,1,0,0,1,0,0,0,1
585,True,1,18.0,0,2,79.65,False,False,1,0,0,0,1,0,0,1,0,1,0,0,1,1,0,0
586,False,2,47.0,0,0,15.0,True,True,0,1,0,0,1,0,0,1,1,0,0,1,0,0,1,0
587,True,1,60.0,1,1,79.2,True,False,0,1,1,0,0,1,0,0,0,1,0,1,0,1,0,0
588,False,3,22.0,0,0,8.05,True,True,0,1,0,0,1,0,0,1,1,0,0,1,0,0,0,1
589,False,3,33.0,0,0,8.05,True,True,0,1,0,0,1,0,0,1,1,0,0,1,0,0,0,1
590,False,3,35.0,0,0,7.125,True,True,0,1,0,0,1,0,0,1,1,0,0,1,0,0,0,1
591,True,1,52.0,1,0,78.2667,False,False,1,0,1,0,0,1,0,0,0,1,0,0,1,1,0,0
592,False,3,47.0,0,0,7.25,True,True,0,1,0,0,1,0,0,1,1,0,0,1,0,0,0,1
593,False,3,32.0,0,2,7.75,False,False,1,0,0,1,0,0,1,0,1,0,0,0,1,0,0,1
594,False,2,37.0,1,0,26.0,True,False,0,1,0,0,1,0,0,1,1,0,0,1,0,0,1,0
595,False,3,36.0,1,1,24.15,True,False,0,1,0,0,1,0,0,1,1,0,0,1,0,0,0,1
596,True,2,32.0,0,0,33.0,False,True,1,0,0,0,1,0,0,1,0,1,0,0,1,0,1,0
597,False,3,49.0,0,0,0.0,True,True,0,1,0,0,1,0,0,1,1,0,0,1,0,0,0,1
598,False,3,33.0,0,0,7.225,True,True,0,1,1,0,0,1,0,0,1,0,0,1,0,0,0,1
599,True,1,49.0,1,0,56.9292,True,False,0,1,1,0,0,1,0,0,0,1,0,1,0,1,0,0
600,True,2,24.0,2,1,27.0,False,False,1,0,0,0,1,0,0,1,0,1,0,0,1,0,1,0
601,False,3,33.0,0,0,7.8958,True,True,0,1,0,0,1,0,0,1,1,0,0,1,0,0,0,1
602,False,1,33.0,0,0,42.4,True,True,0,1,0,0,1,0,0,1,1,0,0,1,0,1,0,0
603,False,3,44.0,0,0,8.05,True,True,0,1,0,0,1,0,0,1,1,0,0,1,0,0,0,1
604,True,1,35.0,0,0,26.55,True,True,0,1,1,0,0,1,0,0,0,1,0,1,0,1,0,0
605,False,3,36.0,1,0,15.55,True,False,0,1,0,0,1,0,0,1,1,0,0,1,0,0,0,1
606,False,3,30.0,0,0,7.8958,True,True,0,1,0,0,1,0,0,1,1,0,0,1,0,0,0,1
607,True,1,27.0,0,0,30.5,True,True,0,1,0,0,1,0,0,1,0,1,0,1,0,1,0,0
608,True,2,22.0,1,2,41.5792,False,False,1,0,1,0,0,1,0,0,0,1,0,0,1,0,1,0
609,True,1,40.0,0,0,153.4625,False,True,1,0,0,0,1,0,0,1,0,1,0,0,1,1,0,0
610,False,3,39.0,1,5,31.275,False,False,1,0,0,0,1,0,0,1,1,0,0,0,1,0,0,1
611,False,3,33.0,0,0,7.05,True,True,0,1,0,0,1,0,0,1,1,0,0,1,0,0,0,1
612,True,3,32.0,1,0,15.5,False,False,1,0,0,1,0,0,1,0,0,1,0,0,1,0,0,1
613,False,3,33.0,0,0,7.75,True,True,0,1,0,1,0,0,1,0,1,0,0,1,0,0,0,1
614,False,3,35.0,0,0,8.05,True,True,0,1,0,0,1,0,0,1,1,0,0,1,0,0,0,1
615,True,2,24.0,1,2,65.0,False,False,1,0,0,0,1,0,0,1,0,1,0,0,1,0,1,0
616,False,3,34.0,1,1,14.4,True,False,0,1,0,0,1,0,0,1,1,0,0,1,0,0,0,1
617,False,3,26.0,1,0,16.1,False,False,1,0,0,0,1,0,0,1,1,0,0,0,1,0,0,1
618,True,2,4.0,2,1,39.0,False,False,1,0,0,0,1,0,0,1,0,1,1,0,0,0,1,0
619,False,2,26.0,0,0,10.5,True,True,0,1,0,0,1,0,0,1,1,0,0,1,0,0,1,0
620,False,3,27.0,1,0,14.4542,True,False,0,1,1,0,0,1,0,0,1,0,0,1,0,0,0,1
621,True,1,42.0,1,0,52.5542,True,False,0,1,0,0,1,0,0,1,0,1,0,1,0,1,0,0
622,True,3,20.0,1,1,15.7417,True,False,0,1,1,0,0,1,0,0,0,1,0,1,0,0,0,1
623,False,3,21.0,0,0,7.8542,True,True,0,1,0,0,1,0,0,1,1,0,0,1,0,0,0,1
624,False,3,21.0,0,0,16.1,True,True,0,1,0,0,1,0,0,1,1,0,0,1,0,0,0,1
625,False,1,61.0,0,0,32.3208,True,True,0,1,0,0,1,0,0,1,1,0,0,1,0,1,0,0
626,False,2,57.0,0,0,12.35,True,True,0,1,0,1,0,0,1,0,1,0,0,1,0,0,1,0
627,True,1,21.0,0,0,77.9583,False,True,1,0,0,0,1,0,0,1,0,1,0,0,1,1,0,0
628,False,3,26.0,0,0,7.8958,True,True,0,1,0,0,1,0,0,1,1,0,0,1,0,0,0,1
629,False,3,33.0,0,0,7.7333,True,True,0,1,0,1,0,0,1,0,1,0,0,1,0,0,0,1
630,True,1,80.0,0,0,30.0,True,True,0,1,0,0,1,0,0,1,0,1,0,1,0,1,0,0
631,False,3,51.0,0,0,7.0542,True,True,0,1,0,0,1,0,0,1,1,0,0,1,0,0,0,1
632,True,1,32.0,0,0,30.5,True,True,0,1,1,0,0,1,0,0,0,1,0,1,0,1,0,0
633,False,1,33.0,0,0,0.0,True,True,0,1,0,0,1,0,0,1,1,0,0,1,0,1,0,0
634,False,3,9.0,3,2,27.9,False,False,1,0,0,0,1,0,0,1,1,0,1,0,0,0,0,1
635,True,2,28.0,0,0,13.0,False,True,1,0,0,0,1,0,0,1,0,1,0,0,1,0,1,0
636,False,3,32.0,0,0,7.925,True,True,0,1,0,0,1,0,0,1,1,0,0,1,0,0,0,1
637,False,2,31.0,1,1,26.25,True,False,0,1,0,0,1,0,0,1,1,0,0,1,0,0,1,0
638,False,3,41.0,0,5,39.6875,False,False,1,0,0,0,1,0,0,1,1,0,0,0,1,0,0,1
639,False,3,33.0,1,0,16.1,True,False,0,1,0,0,1,0,0,1,1,0,0,1,0,0,0,1
640,False,3,20.0,0,0,7.8542,True,True,0,1,0,0,1,0,0,1,1,0,0,1,0,0,0,1
641,True,1,24.0,0,0,69.3,False,True,1,0,1,0,0,1,0,0,0,1,0,0,1,1,0,0
642,False,3,2.0,3,2,27.9,False,False,1,0,0,0,1,0,0,1,1,0,1,0,0,0,0,1
643,True,3,33.0,0,0,56.4958,True,True,0,1,0,0,1,0,0,1,0,1,0,1,0,0,0,1
644,True,3,0.75,2,1,19.2583,False,False,1,0,1,0,0,1,0,0,0,1,1,0,0,0,0,1
645,True,1,48.0,1,0,76.7292,True,False,0,1,1,0,0,1,0,0,0,1,0,1,0,1,0,0
646,False,3,19.0,0,0,7.8958,True,True,0,1,0,0,1,0,0,1,1,0,0,1,0,0,0,1
647,True,1,56.0,0,0,35.5,True,True,0,1,1,0,0,1,0,0,0,1,0,1,0,1,0,0
648,False,3,33.0,0,0,7.55,True,True,0,1,0,0,1,0,0,1,1,0,0,1,0,0,0,1
649,True,3,23.0,0,0,7.55,False,True,1,0,0,0,1,0,0,1,0,1,0,0,1,0,0,1
650,False,3,33.0,0,0,7.8958,True,True,0,1,0,0,1,0,0,1,1,0,0,1,0,0,0,1
651,True,2,18.0,0,1,23.0,False,False,1,0,0,0,1,0,0,1,0,1,0,0,1,0,1,0
652,False,3,21.0,0,0,8.4333,True,True,0,1,0,0,1,0,0,1,1,0,0,1,0,0,0,1
653,True,3,32.0,0,0,7.8292,False,True,1,0,0,1,0,0,1,0,0,1,0,0,1,0,0,1
654,False,3,18.0,0,0,6.75,False,True,1,0,0,1,0,0,1,0,1,0,0,0,1,0,0,1
655,False,2,24.0,2,0,73.5,True,False,0,1,0,0,1,0,0,1,1,0,0,1,0,0,1,0
656,False,3,33.0,0,0,7.8958,True,True,0,1,0,0,1,0,0,1,1,0,0,1,0,0,0,1
657,False,3,32.0,1,1,15.5,False,False,1,0,0,1,0,0,1,0,1,0,0,0,1,0,0,1
658,False,2,23.0,0,0,13.0,True,True,0,1,0,0,1,0,0,1,1,0,0,1,0,0,1,0
659,False,1,58.0,0,2,113.275,True,False,0,1,1,0,0,1,0,0,1,0,0,1,0,1,0,0
660,True,1,50.0,2,0,133.65,True,False,0,1,0,0,1,0,0,1,0,1,0,1,0,1,0,0
661,False,3,40.0,0,0,7.225,True,True,0,1,1,0,0,1,0,0,1,0,0,1,0,0,0,1
662,False,1,47.0,0,0,25.5875,True,True,0,1,0,0,1,0,0,1,1,0,0,1,0,1,0,0
663,False,3,36.0,0,0,7.4958,True,True,0,1,0,0,1,0,0,1,1,0,0,1,0,0,0,1
664,True,3,20.0,1,0,7.925,True,False,0,1,0,0,1,0,0,1,0,1,0,1,0,0,0,1
665,False,2,32.0,2,0,73.5,True,False,0,1,0,0,1,0,0,1,1,0,0,1,0,0,1,0
666,False,2,25.0,0,0,13.0,True,True,0,1,0,0,1,0,0,1,1,0,0,1,0,0,1,0
667,False,3,33.0,0,0,7.775,True,True,0,1,0,0,1,0,0,1,1,0,0,1,0,0,0,1
668,False,3,43.0,0,0,8.05,True,True,0,1,0,0,1,0,0,1,1,0,0,1,0,0,0,1
669,True,1,32.0,1,0,52.0,False,False,1,0,0,0,1,0,0,1,0,1,0,0,1,1,0,0
670,True,2,40.0,1,1,39.0,False,False,1,0,0,0,1,0,0,1,0,1,0,0,1,0,1,0
671,False,1,31.0,1,0,52.0,True,False,0,1,0,0,1,0,0,1,1,0,0,1,0,1,0,0
672,False,2,70.0,0,0,10.5,True,True,0,1,0,0,1,0,0,1,1,0,0,1,0,0,1,0
673,True,2,31.0,0,0,13.0,True,True,0,1,0,0,1,0,0,1,0,1,0,1,0,0,1,0
674,False,2,33.0,0,0,0.0,True,True,0,1,0,0,1,0,0,1,1,0,0,1,0,0,1,0
675,False,3,18.0,0,0,7.775,True,True,0,1,0,0,1,0,0,1,1,0,0,1,0,0,0,1
676,False,3,24.5,0,0,8.05,True,True,0,1,0,0,1,0,0,1,1,0,0,1,0,0,0,1
677,True,3,18.0,0,0,9.8417,False,True,1,0,0,0,1,0,0,1,0,1,0,0,1,0,0,1
678,False,3,43.0,1,6,46.9,False,False,1,0,0,0,1,0,0,1,1,0,0,0,1,0,0,1
679,True,1,36.0,0,1,512.3292,True,False,0,1,1,0,0,1,0,0,0,1,0,1,0,1,0,0
680,False,3,32.0,0,0,8.1375,False,True,1,0,0,1,0,0,1,0,1,0,0,0,1,0,0,1
681,True,1,27.0,0,0,76.7292,True,True,0,1,1,0,0,1,0,0,0,1,0,1,0,1,0,0
682,False,3,20.0,0,0,9.225,True,True,0,1,0,0,1,0,0,1,1,0,0,1,0,0,0,1
683,False,3,14.0,5,2,46.9,False,False,0,1,0,0,1,0,0,1,1,0,1,0,0,0,0,1
684,False,2,60.0,1,1,39.0,True,False,0,1,0,0,1,0,0,1,1,0,0,1,0,0,1,0
685,False,2,25.0,1,2,41.5792,True,False,0,1,1,0,0,1,0,0,1,0,0,1,0,0,1,0
686,False,3,14.0,4,1,39.6875,False,False,0,1,0,0,1,0,0,1,1,0,1,0,0,0,0,1
687,False,3,19.0,0,0,10.1708,True,True,0,1,0,0,1,0,0,1,1,0,0,1,0,0,0,1
688,False,3,18.0,0,0,7.7958,True,True,0,1,0,0,1,0,0,1,1,0,0,1,0,0,0,1
689,True,1,15.0,0,1,211.3375,False,False,1,0,0,0,1,0,0,1,0,1,1,0,0,1,0,0
690,True,1,31.0,1,0,57.0,True,False,0,1,0,0,1,0,0,1,0,1,0,1,0,1,0,0
691,True,3,4.0,0,1,13.4167,False,False,1,0,1,0,0,1,0,0,0,1,1,0,0,0,0,1
692,True,3,33.0,0,0,56.4958,True,True,0,1,0,0,1,0,0,1,0,1,0,1,0,0,0,1
693,False,3,25.0,0,0,7.225,True,True,0,1,1,0,0,1,0,0,1,0,0,1,0,0,0,1
694,False,1,60.0,0,0,26.55,True,True,0,1,0,0,1,0,0,1,1,0,0,1,0,1,0,0
695,False,2,52.0,0,0,13.5,True,True,0,1,0,0,1,0,0,1,1,0,0,1,0,0,1,0
696,False,3,44.0,0,0,8.05,True,True,0,1,0,0,1,0,0,1,1,0,0,1,0,0,0,1
697,True,3,32.0,0,0,7.7333,False,True,1,0,0,1,0,0,1,0,0,1,0,0,1,0,0,1
698,False,1,49.0,1,1,110.8833,True,False,0,1,1,0,0,1,0,0,1,0,0,1,0,1,0,0
699,False,3,42.0,0,0,7.65,True,True,0,1,0,0,1,0,0,1,1,0,0,1,0,0,0,1
700,True,1,18.0,1,0,227.525,False,False,1,0,1,0,0,1,0,0,0,1,0,0,1,1,0,0
701,True,1,35.0,0,0,26.2875,True,True,0,1,0,0,1,0,0,1,0,1,0,1,0,1,0,0
702,False,3,18.0,0,1,14.4542,False,False,1,0,1,0,0,1,0,0,1,0,0,0,1,0,0,1
703,False,3,25.0,0,0,7.7417,True,True,0,1,0,1,0,0,1,0,1,0,0,1,0,0,0,1
704,False,3,26.0,1,0,7.8542,True,False,0,1,0,0,1,0,0,1,1,0,0,1,0,0,0,1
705,False,2,39.0,0,0,26.0,True,True,0,1,0,0,1,0,0,1,1,0,0,1,0,0,1,0
706,True,2,45.0,0,0,13.5,False,True,1,0,0,0,1,0,0,1,0,1,0,0,1,0,1,0
707,True,1,42.0,0,0,26.2875,True,True,0,1,0,0,1,0,0,1,0,1,0,1,0,1,0,0
708,True,1,22.0,0,0,151.55,False,True,1,0,0,0,1,0,0,1,0,1,0,0,1,1,0,0
709,True,3,33.0,1,1,15.2458,True,False,0,1,1,0,0,1,0,0,0,1,0,1,0,0,0,1
710,True,1,24.0,0,0,49.5042,False,True,1,0,1,0,0,1,0,0,0,1,0,0,1,1,0,0
711,False,1,33.0,0,0,26.55,True,True,0,1,0,0,1,0,0,1,1,0,0,1,0,1,0,0
712,True,1,48.0,1,0,52.0,True,False,0,1,0,0,1,0,0,1,0,1,0,1,0,1,0,0
713,False,3,29.0,0,0,9.4833,True,True,0,1,0,0,1,0,0,1,1,0,0,1,0,0,0,1
714,False,2,52.0,0,0,13.0,True,True,0,1,0,0,1,0,0,1,1,0,0,1,0,0,1,0
715,False,3,19.0,0,0,7.65,True,True,0,1,0,0,1,0,0,1,1,0,0,1,0,0,0,1
716,True,1,38.0,0,0,227.525,False,True,1,0,1,0,0,1,0,0,0,1,0,0,1,1,0,0
717,True,2,27.0,0,0,10.5,False,True,1,0,0,0,1,0,0,1,0,1,0,0,1,0,1,0
718,False,3,33.0,0,0,15.5,True,True,0,1,0,1,0,0,1,0,1,0,0,1,0,0,0,1
719,False,3,33.0,0,0,7.775,True,True,0,1,0,0,1,0,0,1,1,0,0,1,0,0,0,1
720,True,2,6.0,0,1,33.0,False,False,1,0,0,0,1,0,0,1,0,1,1,0,0,0,1,0
721,False,3,17.0,1,0,7.0542,True,False,0,1,0,0,1,0,0,1,1,0,0,1,0,0,0,1
722,False,2,34.0,0,0,13.0,True,True,0,1,0,0,1,0,0,1,1,0,0,1,0,0,1,0
723,False,2,50.0,0,0,13.0,True,True,0,1,0,0,1,0,0,1,1,0,0,1,0,0,1,0
724,True,1,27.0,1,0,53.1,True,False,0,1,0,0,1,0,0,1,0,1,0,1,0,1,0,0
725,False,3,20.0,0,0,8.6625,True,True,0,1,0,0,1,0,0,1,1,0,0,1,0,0,0,1
726,True,2,30.0,3,0,21.0,False,False,1,0,0,0,1,0,0,1,0,1,0,0,1,0,1,0
727,True,3,32.0,0,0,7.7375,False,True,1,0,0,1,0,0,1,0,0,1,0,0,1,0,0,1
728,False,2,25.0,1,0,26.0,True,False,0,1,0,0,1,0,0,1,1,0,0,1,0,0,1,0
729,False,3,25.0,1,0,7.925,False,False,1,0,0,0,1,0,0,1,1,0,0,0,1,0,0,1
730,True,1,29.0,0,0,211.3375,False,True,1,0,0,0,1,0,0,1,0,1,0,0,1,1,0,0
731,False,3,11.0,0,0,18.7875,False,True,0,1,1,0,0,1,0,0,1,0,1,0,0,0,0,1
732,False,2,33.0,0,0,0.0,True,True,0,1,0,0,1,0,0,1,1,0,0,1,0,0,1,0
733,False,2,23.0,0,0,13.0,True,True,0,1,0,0,1,0,0,1,1,0,0,1,0,0,1,0
734,False,2,23.0,0,0,13.0,True,True,0,1,0,0,1,0,0,1,1,0,0,1,0,0,1,0
735,False,3,28.5,0,0,16.1,True,True,0,1,0,0,1,0,0,1,1,0,0,1,0,0,0,1
736,False,3,48.0,1,3,34.375,False,False,1,0,0,0,1,0,0,1,1,0,0,0,1,0,0,1
737,True,1,35.0,0,0,512.3292,True,True,0,1,1,0,0,1,0,0,0,1,0,1,0,1,0,0
738,False,3,33.0,0,0,7.8958,True,True,0,1,0,0,1,0,0,1,1,0,0,1,0,0,0,1
739,False,3,33.0,0,0,7.8958,True,True,0,1,0,0,1,0,0,1,1,0,0,1,0,0,0,1
740,True,1,33.0,0,0,30.0,True,True,0,1,0,0,1,0,0,1,0,1,0,1,0,1,0,0
741,False,1,36.0,1,0,78.85,True,False,0,1,0,0,1,0,0,1,1,0,0,1,0,1,0,0
742,True,1,21.0,2,2,262.375,False,False,1,0,1,0,0,1,0,0,0,1,0,0,1,1,0,0
743,False,3,24.0,1,0,16.1,True,False,0,1,0,0,1,0,0,1,1,0,0,1,0,0,0,1
744,True,3,31.0,0,0,7.925,True,True,0,1,0,0,1,0,0,1,0,1,0,1,0,0,0,1
745,False,1,70.0,1,1,71.0,True,False,0,1,0,0,1,0,0,1,1,0,0,1,0,1,0,0
746,False,3,16.0,1,1,20.25,True,False,0,1,0,0,1,0,0,1,1,0,0,1,0,0,0,1
747,True,2,30.0,0,0,13.0,False,True,1,0,0,0,1,0,0,1,0,1,0,0,1,0,1,0
748,False,1,19.0,1,0,53.1,True,False,0,1,0,0,1,0,0,1,1,0,0,1,0,1,0,0
749,False,3,31.0,0,0,7.75,True,True,0,1,0,1,0,0,1,0,1,0,0,1,0,0,0,1
750,True,2,4.0,1,1,23.0,False,False,1,0,0,0,1,0,0,1,0,1,1,0,0,0,1,0
751,True,3,6.0,0,1,12.475,False,False,0,1,0,0,1,0,0,1,0,1,1,0,0,0,0,1
752,False,3,33.0,0,0,9.5,True,True,0,1,0,0,1,0,0,1,1,0,0,1,0,0,0,1
753,False,3,23.0,0,0,7.8958,True,True,0,1,0,0,1,0,0,1,1,0,0,1,0,0,0,1
754,True,2,48.0,1,2,65.0,False,False,1,0,0,0,1,0,0,1,0,1,0,0,1,0,1,0
755,True,2,0.67,1,1,14.5,False,False,0,1,0,0,1,0,0,1,0,1,1,0,0,0,1,0
756,False,3,28.0,0,0,7.7958,True,True,0,1,0,0,1,0,0,1,1,0,0,1,0,0,0,1
757,False,2,18.0,0,0,11.5,True,True,0,1,0,0,1,0,0,1,1,0,0,1,0,0,1,0
758,False,3,34.0,0,0,8.05,True,True,0,1,0,0,1,0,0,1,1,0,0,1,0,0,0,1
759,True,1,33.0,0,0,86.5,False,True,1,0,0,0,1,0,0,1,0,1,0,0,1,1,0,0
760,False,3,33.0,0,0,14.5,True,True,0,1,0,0,1,0,0,1,1,0,0,1,0,0,0,1
761,False,3,41.0,0,0,7.125,True,True,0,1,0,0,1,0,0,1,1,0,0,1,0,0,0,1
762,True,3,20.0,0,0,7.2292,True,True,0,1,1,0,0,1,0,0,0,1,0,1,0,0,0,1
763,True,1,36.0,1,2,120.0,False,False,1,0,0,0,1,0,0,1,0,1,0,0,1,1,0,0
764,False,3,16.0,0,0,7.775,True,True,0,1,0,0,1,0,0,1,1,0,0,1,0,0,0,1
765,True,1,51.0,1,0,77.9583,False,False,1,0,0,0,1,0,0,1,0,1,0,0,1,1,0,0
766,False,1,33.0,0,0,39.6,True,True,0,1,1,0,0,1,0,0,1,0,0,1,0,1,0,0
767,False,3,30.5,0,0,7.75,False,True,1,0,0,1,0,0,1,0,1,0,0,0,1,0,0,1
768,False,3,33.0,1,0,24.15,True,False,0,1,0,1,0,0,1,0,1,0,0,1,0,0,0,1
769,False,3,32.0,0,0,8.3625,True,True,0,1,0,0,1,0,0,1,1,0,0,1,0,0,0,1
770,False,3,24.0,0,0,9.5,True,True,0,1,0,0,1,0,0,1,1,0,0,1,0,0,0,1
771,False,3,48.0,0,0,7.8542,True,True,0,1,0,0,1,0,0,1,1,0,0,1,0,0,0,1
772,False,2,57.0,0,0,10.5,False,True,1,0,0,0,1,0,0,1,1,0,0,0,1,0,1,0
773,False,3,33.0,0,0,7.225,True,True,0,1,1,0,0,1,0,0,1,0,0,1,0,0,0,1
774,True,2,54.0,1,3,23.0,False,False,1,0,0,0,1,0,0,1,0,1,0,0,1,0,1,0
775,False,3,18.0,0,0,7.75,True,True,0,1,0,0,1,0,0,1,1,0,0,1,0,0,0,1
776,False,3,33.0,0,0,7.75,True,True,0,1,0,1,0,0,1,0,1,0,0,1,0,0,0,1
777,True,3,5.0,0,0,12.475,False,True,1,0,0,0,1,0,0,1,0,1,1,0,0,0,0,1
778,False,3,33.0,0,0,7.7375,True,True,0,1,0,1,0,0,1,0,1,0,0,1,0,0,0,1
779,True,1,43.0,0,1,211.3375,False,False,1,0,0,0,1,0,0,1,0,1,0,0,1,1,0,0
780,True,3,13.0,0,0,7.2292,False,True,1,0,1,0,0,1,0,0,0,1,1,0,0,0,0,1
781,True,1,17.0,1,0,57.0,False,False,1,0,0,0,1,0,0,1,0,1,0,0,1,1,0,0
782,False,1,29.0,0,0,30.0,True,True,0,1,0,0,1,0,0,1,1,0,0,1,0,1,0,0
783,False,3,33.0,1,2,23.45,True,False,0,1,0,0,1,0,0,1,1,0,0,1,0,0,0,1
784,False,3,25.0,0,0,7.05,True,True,0,1,0,0,1,0,0,1,1,0,0,1,0,0,0,1
785,False,3,25.0,0,0,7.25,True,True,0,1,0,0,1,0,0,1,1,0,0,1,0,0,0,1
786,True,3,18.0,0,0,7.4958,False,True,1,0,0,0,1,0,0,1,0,1,0,0,1,0,0,1
787,False,3,8.0,4,1,29.125,False,False,0,1,0,1,0,0,1,0,1,0,1,0,0,0,0,1
788,True,3,1.0,1,2,20.575,False,False,0,1,0,0,1,0,0,1,0,1,1,0,0,0,0,1
789,False,1,46.0,0,0,79.2,True,True,0,1,1,0,0,1,0,0,1,0,0,1,0,1,0,0
790,False,3,33.0,0,0,7.75,True,True,0,1,0,1,0,0,1,0,1,0,0,1,0,0,0,1
791,False,2,16.0,0,0,26.0,True,True,0,1,0,0,1,0,0,1,1,0,0,1,0,0,1,0
792,False,3,32.0,8,2,69.55,False,False,1,0,0,0,1,0,0,1,1,0,0,0,1,0,0,1
793,False,1,33.0,0,0,30.6958,True,True,0,1,1,0,0,1,0,0,1,0,0,1,0,1,0,0
794,False,3,25.0,0,0,7.8958,True,True,0,1,0,0,1,0,0,1,1,0,0,1,0,0,0,1
795,False,2,39.0,0,0,13.0,True,True,0,1,0,0,1,0,0,1,1,0,0,1,0,0,1,0
796,True,1,49.0,0,0,25.9292,False,True,1,0,0,0,1,0,0,1,0,1,0,0,1,1,0,0
797,True,3,31.0,0,0,8.6833,False,True,1,0,0,0,1,0,0,1,0,1,0,0,1,0,0,1
798,False,3,30.0,0,0,7.2292,True,True,0,1,1,0,0,1,0,0,1,0,0,1,0,0,0,1
799,False,3,30.0,1,1,24.15,False,False,1,0,0,0,1,0,0,1,1,0,0,0,1,0,0,1
800,False,2,34.0,0,0,13.0,True,True,0,1,0,0,1,0,0,1,1,0,0,1,0,0,1,0
801,True,2,31.0,1,1,26.25,False,False,1,0,0,0,1,0,0,1,0,1,0,0,1,0,1,0
802,True,1,11.0,1,2,120.0,False,False,0,1,0,0,1,0,0,1,0,1,1,0,0,1,0,0
803,True,3,0.42,0,1,8.5167,False,False,0,1,1,0,0,1,0,0,0,1,1,0,0,0,0,1
804,True,3,27.0,0,0,6.975,True,True,0,1,0,0,1,0,0,1,0,1,0,1,0,0,0,1
805,False,3,31.0,0,0,7.775,True,True,0,1,0,0,1,0,0,1,1,0,0,1,0,0,0,1
806,False,1,39.0,0,0,0.0,True,True,0,1,0,0,1,0,0,1,1,0,0,1,0,1,0,0
807,False,3,18.0,0,0,7.775,False,True,1,0,0,0,1,0,0,1,1,0,0,0,1,0,0,1
808,False,2,39.0,0,0,13.0,True,True,0,1,0,0,1,0,0,1,1,0,0,1,0,0,1,0
809,True,1,33.0,1,0,53.1,False,False,1,0,0,0,1,0,0,1,0,1,0,0,1,1,0,0
810,False,3,26.0,0,0,7.8875,True,True,0,1,0,0,1,0,0,1,1,0,0,1,0,0,0,1
811,False,3,39.0,0,0,24.15,True,True,0,1,0,0,1,0,0,1,1,0,0,1,0,0,0,1
812,False,2,35.0,0,0,10.5,True,True,0,1,0,0,1,0,0,1,1,0,0,1,0,0,1,0
813,False,3,6.0,4,2,31.275,False,False,1,0,0,0,1,0,0,1,1,0,1,0,0,0,0,1
814,False,3,30.5,0,0,8.05,True,True,0,1,0,0,1,0,0,1,1,0,0,1,0,0,0,1
815,False,1,33.0,0,0,0.0,True,True,0,1,0,0,1,0,0,1,1,0,0,1,0,1,0,0
816,False,3,23.0,0,0,7.925,False,True,1,0,0,0,1,0,0,1,1,0,0,0,1,0,0,1
817,False,2,31.0,1,1,37.0042,True,False,0,1,1,0,0,1,0,0,1,0,0,1,0,0,1,0
818,False,3,43.0,0,0,6.45,True,True,0,1,0,0,1,0,0,1,1,0,0,1,0,0,0,1
819,False,3,10.0,3,2,27.9,False,False,0,1,0,0,1,0,0,1,1,0,1,0,0,0,0,1
820,True,1,52.0,1,1,93.5,False,False,1,0,0,0,1,0,0,1,0,1,0,0,1,1,0,0
821,True,3,27.0,0,0,8.6625,True,True,0,1,0,0,1,0,0,1,0,1,0,1,0,0,0,1
822,False,1,38.0,0,0,0.0,True,True,0,1,0,0,1,0,0,1,1,0,0,1,0,1,0,0
823,True,3,27.0,0,1,12.475,False,False,1,0,0,0,1,0,0,1,0,1,0,0,1,0,0,1
824,False,3,2.0,4,1,39.6875,False,False,0,1,0,0,1,0,0,1,1,0,1,0,0,0,0,1
825,False,3,33.0,0,0,6.95,True,True,0,1,0,1,0,0,1,0,1,0,0,1,0,0,0,1
826,False,3,33.0,0,0,56.4958,True,True,0,1,0,0,1,0,0,1,1,0,0,1,0,0,0,1
827,True,2,1.0,0,2,37.0042,False,False,0,1,1,0,0,1,0,0,0,1,1,0,0,0,1,0
828,True,3,33.0,0,0,7.75,True,True,0,1,0,1,0,0,1,0,0,1,0,1,0,0,0,1
830,True,3,15.0,1,0,14.4542,False,False,1,0,1,0,0,1,0,0,0,1,1,0,0,0,0,1
831,True,2,0.83,1,1,18.75,False,False,0,1,0,0,1,0,0,1,0,1,1,0,0,0,1,0
832,False,3,33.0,0,0,7.2292,True,True,0,1,1,0,0,1,0,0,1,0,0,1,0,0,0,1
833,False,3,23.0,0,0,7.8542,True,True,0,1,0,0,1,0,0,1,1,0,0,1,0,0,0,1
834,False,3,18.0,0,0,8.3,True,True,0,1,0,0,1,0,0,1,1,0,0,1,0,0,0,1
835,True,1,39.0,1,1,83.1583,False,False,1,0,1,0,0,1,0,0,0,1,0,0,1,1,0,0
836,False,3,21.0,0,0,8.6625,True,True,0,1,0,0,1,0,0,1,1,0,0,1,0,0,0,1
837,False,3,33.0,0,0,8.05,True,True,0,1,0,0,1,0,0,1,1,0,0,1,0,0,0,1
838,True,3,32.0,0,0,56.4958,True,True,0,1,0,0,1,0,0,1,0,1,0,1,0,0,0,1
839,True,1,33.0,0,0,29.7,True,True,0,1,1,0,0,1,0,0,0,1,0,1,0,1,0,0
840,False,3,20.0,0,0,7.925,True,True,0,1,0,0,1,0,0,1,1,0,0,1,0,0,0,1
841,False,2,16.0,0,0,10.5,True,True,0,1,0,0,1,0,0,1,1,0,0,1,0,0,1,0
842,True,1,30.0,0,0,31.0,False,True,1,0,1,0,0,1,0,0,0,1,0,0,1,1,0,0
843,False,3,34.5,0,0,6.4375,True,True,0,1,1,0,0,1,0,0,1,0,0,1,0,0,0,1
844,False,3,17.0,0,0,8.6625,True,True,0,1,0,0,1,0,0,1,1,0,0,1,0,0,0,1
845,False,3,42.0,0,0,7.55,True,True,0,1,0,0,1,0,0,1,1,0,0,1,0,0,0,1
846,False,3,33.0,8,2,69.55,True,False,0,1,0,0,1,0,0,1,1,0,0,1,0,0,0,1
847,False,3,35.0,0,0,7.8958,True,True,0,1,1,0,0,1,0,0,1,0,0,1,0,0,0,1
848,False,2,28.0,0,1,33.0,True,False,0,1,0,0,1,0,0,1,1,0,0,1,0,0,1,0
849,True,1,32.0,1,0,89.1042,False,False,1,0,1,0,0,1,0,0,0,1,0,0,1,1,0,0
850,False,3,4.0,4,2,31.275,False,False,0,1,0,0,1,0,0,1,1,0,1,0,0,0,0,1
851,False,3,74.0,0,0,7.775,True,True,0,1,0,0,1,0,0,1,1,0,0,1,0,0,0,1
852,False,3,9.0,1,1,15.2458,False,False,1,0,1,0,0,1,0,0,1,0,1,0,0,0,0,1
853,True,1,16.0,0,1,39.4,False,False,1,0,0,0,1,0,0,1,0,1,0,0,1,1,0,0
854,False,2,44.0,1,0,26.0,False,False,1,0,0,0,1,0,0,1,1,0,0,0,1,0,1,0
855,True,3,18.0,0,1,9.35,False,False,1,0,0,0,1,0,0,1,0,1,0,0,1,0,0,1
856,True,1,45.0,1,1,164.8667,False,False,1,0,0,0,1,0,0,1,0,1,0,0,1,1,0,0
857,True,1,51.0,0,0,26.55,True,True,0,1,0,0,1,0,0,1,0,1,0,1,0,1,0,0
858,True,3,24.0,0,3,19.2583,False,False,1,0,1,0,0,1,0,0,0,1,0,0,1,0,0,1
859,False,3,33.0,0,0,7.2292,True,True,0,1,1,0,0,1,0,0,1,0,0,1,0,0,0,1
860,False,3,41.0,2,0,14.1083,True,False,0,1,0,0,1,0,0,1,1,0,0,1,0,0,0,1
861,False,2,21.0,1,0,11.5,True,False,0,1,0,0,1,0,0,1,1,0,0,1,0,0,1,0
862,True,1,48.0,0,0,25.9292,False,True,1,0,0,0,1,0,0,1,0,1,0,0,1,1,0,0
863,False,3,32.0,8,2,69.55,False,False,1,0,0,0,1,0,0,1,1,0,0,0,1,0,0,1
864,False,2,24.0,0,0,13.0,True,True,0,1,0,0,1,0,0,1,1,0,0,1,0,0,1,0
865,True,2,42.0,0,0,13.0,False,True,1,0,0,0,1,0,0,1,0,1,0,0,1,0,1,0
866,True,2,27.0,1,0,13.8583,False,False,1,0,1,0,0,1,0,0,0,1,0,0,1,0,1,0
867,False,1,31.0,0,0,50.4958,True,True,0,1,0,0,1,0,0,1,1,0,0,1,0,1,0,0
868,False,3,33.0,0,0,9.5,True,True,0,1,0,0,1,0,0,1,1,0,0,1,0,0,0,1
869,True,3,4.0,1,1,11.1333,False,False,0,1,0,0,1,0,0,1,0,1,1,0,0,0,0,1
870,False,3,26.0,0,0,7.8958,True,True,0,1,0,0,1,0,0,1,1,0,0,1,0,0,0,1
871,True,1,47.0,1,1,52.5542,False,False,1,0,0,0,1,0,0,1,0,1,0,0,1,1,0,0
872,False,1,33.0,0,0,5.0,True,True,0,1,0,0,1,0,0,1,1,0,0,1,0,1,0,0
873,False,3,47.0,0,0,9.0,True,True,0,1,0,0,1,0,0,1,1,0,0,1,0,0,0,1
874,True,2,28.0,1,0,24.0,False,False,1,0,1,0,0,1,0,0,0,1,0,0,1,0,1,0
875,True,3,15.0,0,0,7.225,False,True,1,0,1,0,0,1,0,0,0,1,1,0,0,0,0,1
876,False,3,20.0,0,0,9.8458,True,True,0,1,0,0,1,0,0,1,1,0,0,1,0,0,0,1
877,False,3,19.0,0,0,7.8958,True,True,0,1,0,0,1,0,0,1,1,0,0,1,0,0,0,1
878,False,3,33.0,0,0,7.8958,True,True,0,1,0,0,1,0,0,1,1,0,0,1,0,0,0,1
879,True,1,56.0,0,1,83.1583,False,False,1,0,1,0,0,1,0,0,0,1,0,0,1,1,0,0
880,True,2,25.0,0,1,26.0,False,False,1,0,0,0,1,0,0,1,0,1,0,0,1,0,1,0
881,False,3,33.0,0,0,7.8958,True,True,0,1,0,0,1,0,0,1,1,0,0,1,0,0,0,1
882,False,3,22.0,0,0,10.5167,False,True,1,0,0,0,1,0,0,1,1,0,0,0,1,0,0,1
883,False,2,28.0,0,0,10.5,True,True,0,1,0,0,1,0,0,1,1,0,0,1,0,0,1,0
884,False,3,25.0,0,0,7.05,True,True,0,1,0,0,1,0,0,1,1,0,0,1,0,0,0,1
885,False,3,39.0,0,5,29.125,False,False,1,0,0,1,0,0,1,0,1,0,0,0,1,0,0,1
886,False,2,27.0,0,0,13.0,True,True,0,1,0,0,1,0,0,1,1,0,0,1,0,0,1,0
887,True,1,19.0,0,0,30.0,False,True,1,0,0,0,1,0,0,1,0,1,0,0,1,1,0,0
888,False,3,32.0,1,2,23.45,False,False,1,0,0,0,1,0,0,1,1,0,0,0,1,0,0,1
889,True,1,26.0,0,0,30.0,True,True,0,1,1,0,0,1,0,0,0,1,0,1,0,1,0,0
890,False,3,32.0,0,0,7.75,True,True,0,1,0,1,0,0,1,0,1,0,0,1,0,0,0,1
